"Group.1","10ABAM_OR","11ABAM_OR","12ABGR_OR","13ABMAS_OR","14ABPR_OR","15ABPR_OR","16PIMO3_OR","17TSME_OR","18TSME_OR","19TSME_OR","1ABAM_OR","21PIEN_WA","22ABAM_WA","23ABLA_WA","25TSME_WA","26TSME_WA","27PIMO3_WA","28ABAM_WA","2ABCO_OR","30ABAM_WA","31ABAM_WA","33ABAM_WA","35ABAM_WA","36ABAM_WA","37ABAM_WA","39ABGR_WA","3ABCO_OR","40ABGR_WA","43ABMAS_WA","44ABPR_WA","45ABPR_WA","46ABPR_WA","48ABPR_WA","49ABPR_WA","4ABLA_OR","50ABPR_WA","54PIMO3_WA","55PIMO3_WA","57PIMO3_WA","58TSME_WA","59TSME_WA","5ABMA_OR","60TSME_WA","6ABMA_OR","7PILA_OR","8TSME_OR","9TSME_OR","year"
"05-10 to 06-08",49.6,46.4133333333333,48.8166666666667,48.8166666666667,50.4833333333333,46.4133333333333,49.2033333333333,49.52,44.9366666666667,47.2,44.2766666666667,54.0266666666667,46.9166666666667,44.4433333333333,48.09,46.9266666666667,47.5166666666667,47.9333333333333,52.7366666666667,49.0066666666667,49.0066666666667,48.09,44.0566666666667,44.9366666666667,45.5233333333333,45.78,48.94,47.5166666666667,42.6566666666667,47.9333333333333,47.0133333333333,48.09,44.5433333333333,41.82,44.4433333333333,53.6333333333333,45.78,44.2766666666667,42.6566666666667,47.74,44.0566666666667,44.8133333333333,42.6566666666667,48.94,52.7366666666667,44.8133333333333,44.2766666666667,1981
"05-10 to 06-08",47.2433333333333,43.9566666666667,45.8233333333333,45.8233333333333,49.7633333333333,43.9566666666667,46.24,47.1633333333333,42.5233333333333,44.82,41.6933333333333,51.0566666666667,46.8233333333333,41.74,46.2433333333333,45.56,45.4033333333333,47.54,50.1233333333333,48.0433333333333,48.0433333333333,46.2433333333333,42.7066666666667,42.5233333333333,44.33,43.25,46.2133333333333,45.4033333333333,39.88,47.54,44.4033333333333,46.2433333333333,43.2233333333333,40.4,41.74,52.4333333333333,43.25,41.6933333333333,39.88,46.8066666666667,42.7066666666667,42.1233333333333,39.88,46.2133333333333,50.1233333333333,42.1233333333333,41.6933333333333,1982
"05-10 to 06-08",53.9666666666667,51.4566666666667,50.8866666666667,50.8866666666667,54.83,51.4566666666667,51.2233333333333,54.15,48.9433333333333,52.3533333333333,49.2033333333333,56.6466666666667,52.21,49.3666666666667,51.19,50.3433333333333,50.4466666666667,52.32,54.4166666666667,54.1466666666667,54.1466666666667,51.19,48.4233333333333,48.9433333333333,50.01,50.4833333333333,50.6266666666667,50.4466666666667,44.5,52.32,50.29,51.19,48.9833333333333,46.8866666666667,49.3666666666667,57.0233333333333,50.4833333333333,49.2033333333333,44.5,52.7333333333333,48.4233333333333,48.7166666666667,44.5,50.6266666666667,54.4166666666667,48.7166666666667,49.2033333333333,1983
"05-10 to 06-08",46.48,43.02,47.6033333333333,47.6033333333333,47.9633333333333,43.02,47.97,46.4233333333333,41.3466666666667,43.7666666666667,41.11,50.9,43.1033333333333,41.3466666666667,43.1466666666667,41.82,42.5633333333333,43.7566666666667,49.9933333333333,44.4833333333333,44.4833333333333,43.1466666666667,39.4033333333333,41.3466666666667,41.2266666666667,42.6733333333333,46.1466666666667,42.5633333333333,39.85,43.7566666666667,43.49,43.1466666666667,39.81,36.91,41.3466666666667,49.6233333333333,42.6733333333333,41.11,39.85,43.6666666666667,39.4033333333333,43.2366666666667,39.85,46.1466666666667,49.9933333333333,43.2366666666667,41.11,1984
"05-10 to 06-08",49.9066666666667,46.88,48.0233333333333,48.0233333333333,49.8866666666667,46.88,48.3533333333333,49.37,43.54,47.6966666666667,43.89,53.8933333333333,46.6533333333333,44.1433333333333,47.91,46.1766666666667,47.01,47.3333333333333,50.35,50.1266666666667,50.1266666666667,47.91,44.8066666666667,43.54,46.3033333333333,45.8566666666667,47.0366666666667,47.01,41.6166666666667,47.3333333333333,46.1166666666667,47.91,45.3233333333333,42.5533333333333,44.1433333333333,53.8666666666667,45.8566666666667,43.89,41.6166666666667,48.7566666666667,44.8066666666667,42.1066666666667,41.6166666666667,47.0366666666667,50.35,42.1066666666667,43.89,1985
"05-10 to 06-08",54.13,52.4933333333333,52.29,52.29,53.34,52.4933333333333,52.6433333333333,54.7166666666667,49.23,53.58,48.7166666666667,57.6366666666667,52.8033333333333,49.2533333333333,52.49,51.8833333333333,51.8033333333333,53.26,54.89,51.77,51.77,52.49,47.6666666666667,49.23,48.6466666666667,51.55,51.1333333333333,51.8033333333333,43.6866666666667,53.26,51.6633333333333,52.49,48.1866666666667,45.6366666666667,49.2533333333333,57.0833333333333,51.55,48.7166666666667,43.6866666666667,50.7466666666667,47.6666666666667,47.5666666666667,43.6866666666667,51.1333333333333,54.89,47.5666666666667,48.7166666666667,1986
"05-10 to 06-08",51.04,48.3533333333333,51.95,51.95,51.1233333333333,48.3533333333333,52.2666666666667,51.1566666666667,46.0766666666667,49.23,46.2366666666667,55.7333333333333,49.96,46.5733333333333,50.97,50.19,50.1933333333333,50.56,53.3,50.19,50.19,50.97,45.7433333333333,46.0766666666667,47.6266666666667,47.78,50.29,50.1933333333333,43.42,50.56,48.33,50.97,46.0733333333333,43.9166666666667,46.5733333333333,55.29,47.78,46.2366666666667,43.42,48.8566666666667,45.7433333333333,45.72,43.42,50.29,53.3,45.72,46.2366666666667,1987
"05-10 to 06-08",48.2933333333333,45.49,47.7866666666667,47.7866666666667,48.5166666666667,45.49,48.1533333333333,48.13,41.8433333333333,46.21,43.1366666666667,52.3766666666667,46.9766666666667,43.5233333333333,48.9066666666667,48.0066666666667,48.2166666666667,48.0333333333333,48.0133333333333,48.3533333333333,48.3533333333333,48.9066666666667,43,41.8433333333333,44.86,44.8033333333333,45.49,48.2166666666667,39.94,48.0333333333333,44.4066666666667,48.9066666666667,43.41,40.8533333333333,43.5233333333333,53.2233333333333,44.8033333333333,43.1366666666667,39.94,47.4566666666667,43,40.3633333333333,39.94,45.49,48.0133333333333,40.3633333333333,43.1366666666667,1988
"05-10 to 06-08",48.04,45.4166666666667,47.1766666666667,47.1766666666667,50.33,45.4166666666667,47.6166666666667,48.39,42.31,46.2933333333333,42.46,52.29,47.34,42.8366666666667,48.94,47.9733333333333,48.61,48.1566666666667,49.2766666666667,48.7633333333333,48.7633333333333,48.94,44.8366666666667,42.31,46.4233333333333,44.76,45.5633333333333,48.61,39.4566666666667,48.1566666666667,44.2633333333333,48.94,45.0833333333333,42.63,42.8366666666667,53.5933333333333,44.76,42.46,39.4566666666667,47.63,44.8366666666667,41.2466666666667,39.4566666666667,45.5633333333333,49.2766666666667,41.2466666666667,42.46,1989
"05-10 to 06-08",45.2666666666667,42.6033333333333,44.1,44.1,46.9233333333333,42.6033333333333,44.4533333333333,45.4633333333333,40.29,43.5166666666667,40.8866666666667,50.5,43.3733333333333,41.0633333333333,45.2333333333333,43.7966666666667,44.2466666666667,44.16,44.7066666666667,46.3166666666667,46.3166666666667,45.2333333333333,41.03,40.29,42.6866666666667,41.9366666666667,43.15,44.2466666666667,38.0866666666667,44.16,40.8966666666667,45.2333333333333,41.5533333333333,38.7833333333333,41.0633333333333,51.2533333333333,41.9366666666667,40.8866666666667,38.0866666666667,44.9633333333333,41.03,37.55,38.0866666666667,43.15,44.7066666666667,37.55,40.8866666666667,1990
"05-10 to 06-08",44.4066666666667,42.09,44.57,44.57,46.3833333333333,42.09,44.9066666666667,44.7933333333333,39.0866666666667,42.9333333333333,41.0566666666667,49.37,43.1466666666667,40.9933333333333,43.7666666666667,42.8,43.1133333333333,43.7333333333333,44.9233333333333,46.5033333333333,46.5033333333333,43.7666666666667,41.8066666666667,39.0866666666667,42.89,41.6566666666667,43.0766666666667,43.1133333333333,37.7566666666667,43.7333333333333,39.5233333333333,43.7666666666667,42.18,39.3,40.9933333333333,51.0333333333333,41.6566666666667,41.0566666666667,37.7566666666667,45.22,41.8066666666667,37.9033333333333,37.7566666666667,43.0766666666667,44.9233333333333,37.9033333333333,41.0566666666667,1991
"05-10 to 06-08",56.09,53.2666666666667,55.4733333333333,55.4733333333333,55.6866666666667,53.2666666666667,55.9966666666667,56.14,51.1966666666667,54.1766666666667,51.5033333333333,57.8633333333333,52.42,51.3666666666667,53.02,52.3,52.4166666666667,53.0966666666667,58.28,52.52,52.52,53.02,49.89,51.1966666666667,51.3333333333333,52.6633333333333,55.1433333333333,52.4166666666667,48.3833333333333,53.0966666666667,52.2133333333333,53.02,50.38,47.5233333333333,51.3666666666667,57.9366666666667,52.6633333333333,51.5033333333333,48.3833333333333,50.9566666666667,49.89,50.6866666666667,48.3833333333333,55.1433333333333,58.28,50.6866666666667,51.5033333333333,1992
"05-10 to 06-08",53.54,50.29,50.3933333333333,50.3933333333333,53.18,50.29,50.8033333333333,52.8366666666667,49.3333333333333,51.0066666666667,47.43,57.16,52.6533333333333,47.7133333333333,53.1166666666667,51.7266666666667,52.1766666666667,53.3433333333333,51.0066666666667,56.17,56.17,53.1166666666667,50.77,49.3333333333333,52.88,49.57,48.6833333333333,52.1766666666667,42.9166666666667,53.3433333333333,49.5966666666667,53.1166666666667,51.5733333333333,48.87,47.7133333333333,59.1466666666667,49.57,47.43,42.9166666666667,54.78,50.77,42.3933333333333,42.9166666666667,48.6833333333333,51.0066666666667,42.3933333333333,47.43,1993
"05-10 to 06-08",49.4166666666667,46.6033333333333,49.8766666666667,49.8766666666667,50.26,46.6033333333333,50.42,49.32,45.0466666666667,47.4466666666667,44.6333333333333,54.22,47.05,44.6066666666667,47.9833333333333,46.72,47.26,47.7633333333333,50.8833333333333,50.1733333333333,50.1733333333333,47.9833333333333,44.9033333333333,45.0466666666667,46.5633333333333,45.88,47.9833333333333,47.26,41.8433333333333,47.7633333333333,47.19,47.9833333333333,45.5533333333333,42.79,44.6066666666667,55.31,45.88,44.6333333333333,41.8433333333333,48.55,44.9033333333333,42.9,41.8433333333333,47.9833333333333,50.8833333333333,42.9,44.6333333333333,1994
"05-10 to 06-08",52.5066666666667,49.21,48.81,48.81,53.9866666666667,49.21,49.3333333333333,51.9833333333333,47.93,50.0033333333333,45.94,54.3333333333333,50.91,46.1333333333333,50.9933333333333,50.46,50.4066666666667,51.8433333333333,52.1333333333333,52.16,52.16,50.9933333333333,48.6933333333333,47.93,50.2,48.4166666666667,49.0833333333333,50.4066666666667,42.3333333333333,51.8433333333333,50.55,50.9933333333333,49.6333333333333,46.72,46.1333333333333,57.2866666666667,48.4166666666667,45.94,42.3333333333333,50.6466666666667,48.6933333333333,43.63,42.3333333333333,49.0833333333333,52.1333333333333,43.63,45.94,1995
"05-10 to 06-08",50.2633333333333,47.4866666666667,49.77,49.77,51.0033333333333,47.4866666666667,50.2233333333333,50.3533333333333,45.1233333333333,48.3666666666667,45.5466666666667,54.3833333333333,46.76,45.4966666666667,47.3633333333333,46.2266666666667,46.8,47.68,52.6466666666667,47.6033333333333,47.6033333333333,47.3633333333333,44.2966666666667,45.1233333333333,45.6166666666667,46.8566666666667,49.33,46.8,42.25,47.68,47.6533333333333,47.3633333333333,44.7333333333333,42.2533333333333,45.4966666666667,54.59,46.8566666666667,45.5466666666667,42.25,46.1433333333333,44.2966666666667,44.25,42.25,49.33,52.6466666666667,44.25,45.5466666666667,1996
"05-10 to 06-08",55.5333333333333,51.8966666666667,53.3933333333333,53.3933333333333,55.64,51.8966666666667,53.9266666666667,54.83,48.73,52.5166666666667,48.26,58.38,51.2,48.3033333333333,51.3033333333333,50.29,50.5966666666667,52.35,56.3033333333333,52.47,52.47,51.3033333333333,47.5566666666667,48.73,48.76,50.9566666666667,53.15,50.5966666666667,44.7433333333333,52.35,52.1733333333333,51.3033333333333,48.1633333333333,45.7933333333333,48.3033333333333,58.1666666666667,50.9566666666667,48.26,44.7433333333333,51.3933333333333,47.5566666666667,47.7,44.7433333333333,53.15,56.3033333333333,47.7,48.26,1997
"05-10 to 06-08",45.9366666666667,43.0033333333333,43.2333333333333,43.2333333333333,47.96,43.0033333333333,43.5366666666667,45.56,41.7966666666667,43.6666666666667,40.86,49.7733333333333,44.7166666666667,40.8733333333333,45.7366666666667,44.48,44.8733333333333,45.6266666666667,45.3066666666667,49.2166666666667,49.2166666666667,45.7366666666667,43.5,41.7966666666667,45.1733333333333,42.28,42.5466666666667,44.8733333333333,36.5633333333333,45.6266666666667,44.0033333333333,45.7366666666667,44.0533333333333,41.65,40.8733333333333,52.2966666666667,42.28,40.86,36.5633333333333,48.08,43.5,36.9133333333333,36.5633333333333,42.5466666666667,45.3066666666667,36.9133333333333,40.86,1998
"05-10 to 06-08",46.68,43.55,46.6233333333333,46.6233333333333,47.6733333333333,43.55,47.0966666666667,46.2266666666667,40.87,44.27,41.2966666666667,50.45,43.5533333333333,41.1933333333333,44.1366666666667,43.0666666666667,43.56,44.06,48.2933333333333,45.83,45.83,44.1366666666667,41.3433333333333,40.87,42.91,42.69,45.2533333333333,43.56,38.6166666666667,44.06,43.6433333333333,44.1366666666667,41.84,39.3733333333333,41.1933333333333,50.45,42.69,41.2966666666667,38.6166666666667,44.8366666666667,41.3433333333333,40.3833333333333,38.6166666666667,45.2533333333333,48.2933333333333,40.3833333333333,41.2966666666667,1999
"05-10 to 06-08",51.7166666666667,48.11,50.3333333333333,50.3333333333333,51.1833333333333,48.11,50.8033333333333,50.7033333333333,45.01,48.7766666666667,44.98,55.11,47.1266666666667,44.9666666666667,47.69,46.5433333333333,46.9966666666667,47.84,52.2133333333333,48.4533333333333,48.4533333333333,47.69,44.62,45.01,45.9766666666667,47.0366666666667,49.5466666666667,46.9966666666667,42.09,47.84,48.18,47.69,45.17,42.5633333333333,44.9666666666667,53.5366666666667,47.0366666666667,44.98,42.09,47.4933333333333,44.62,43.88,42.09,49.5466666666667,52.2133333333333,43.88,44.98,2000
"05-10 to 06-08",54.0333333333333,50.87,53.39,53.39,53.5666666666667,50.87,53.8666666666667,53.57,47.5533333333333,51.58,48.6566666666667,57.6466666666667,49.6933333333333,48.4366666666667,50.05,49.1433333333333,49.3166666666667,50.34,56.73,49.1633333333333,49.1633333333333,50.05,46.27,47.5533333333333,47.6133333333333,50.0966666666667,53.04,49.3166666666667,45.5033333333333,50.34,50.8566666666667,50.05,46.73,44.3233333333333,48.4366666666667,54.9466666666667,50.0966666666667,48.6566666666667,45.5033333333333,48.29,46.27,49.4266666666667,45.5033333333333,53.04,56.73,49.4266666666667,48.6566666666667,2001
"05-10 to 06-08",49.7866666666667,46.8133333333333,50.04,50.04,50.4433333333333,46.8133333333333,50.5866666666667,49.7233333333333,44.18,47.65,44.8,54.2933333333333,45.6433333333333,44.6666666666667,47.3066666666667,46.1833333333333,46.5366666666667,46.5166666666667,51.2933333333333,47.91,47.91,47.3066666666667,43.7033333333333,44.18,45.04,46.1133333333333,48.69,46.5366666666667,41.4533333333333,46.5166666666667,47.23,47.3066666666667,44.25,41.6966666666667,44.6666666666667,53.4566666666667,46.1133333333333,44.8,41.4533333333333,46.8266666666667,43.7033333333333,44.0866666666667,41.4533333333333,48.69,51.2933333333333,44.0866666666667,44.8,2002
"05-10 to 06-08",54.6266666666667,51.3266666666667,51.8433333333333,51.8433333333333,54.79,51.3266666666667,52.4566666666667,54.3066666666667,48.5833333333333,52.19,48.7366666666667,56.9766666666667,50.8466666666667,48.6666666666667,51.69,50.51,50.72,51.58,56.8066666666667,52.2866666666667,52.2866666666667,51.69,48.0833333333333,48.5833333333333,49.92,50.6,53.01,50.72,44.6866666666667,51.58,51.0666666666667,51.69,48.7133333333333,45.97,48.6666666666667,57.0766666666667,50.6,48.7366666666667,44.6866666666667,51.3733333333333,48.0833333333333,49.17,44.6866666666667,53.01,56.8066666666667,49.17,48.7366666666667,2003
"05-10 to 06-08",48.3166666666667,45.5566666666667,47.8766666666667,47.8766666666667,50.8866666666667,45.5566666666667,48.2366666666667,48.2,43.7466666666667,46.3366666666667,43.9566666666667,53.2833333333333,47.08,43.7966666666667,47.3266666666667,46.0033333333333,46.3633333333333,47.67,50.22,49.8033333333333,49.8033333333333,47.3266666666667,44.38,43.7466666666667,46.1366666666667,44.97,47.0033333333333,46.3633333333333,40.3166666666667,47.67,46.5933333333333,47.3266666666667,45.0266666666667,42.3,43.7966666666667,54.6133333333333,44.97,43.9566666666667,40.3166666666667,49.0633333333333,44.38,42.6666666666667,40.3166666666667,47.0033333333333,50.22,42.6666666666667,43.9566666666667,2004
"05-10 to 06-08",48.92,46.1766666666667,47.59,47.59,50.87,46.1766666666667,48.3333333333333,48.7366666666667,44.46,46.9666666666667,44.4833333333333,53.15,47.94,44.5,48.2466666666667,47,47.3266666666667,48.53,48.78,51.2066666666667,51.2066666666667,48.2466666666667,46.8733333333333,44.46,48.47,45.5666666666667,46.6433333333333,47.3266666666667,40.7333333333333,48.53,46.8533333333333,48.2466666666667,47.6866666666667,44.5166666666667,44.5,55.56,45.5666666666667,44.4833333333333,40.7333333333333,50.63,46.8733333333333,41.1133333333333,40.7333333333333,46.6433333333333,48.78,41.1133333333333,44.4833333333333,2005
"05-10 to 06-08",54.81,51.4233333333333,52.2466666666667,52.2466666666667,54.1266666666667,51.4233333333333,52.9866666666667,54.22,48.7033333333333,52.21,49.0533333333333,57.34,51.51,49.1933333333333,51.69,50.3366666666667,50.6566666666667,52.6966666666667,54.7766666666667,52.12,52.12,51.69,48.9333333333333,48.7033333333333,49.68,50.6,51.1466666666667,50.6566666666667,43.7833333333333,52.6966666666667,51.5833333333333,51.69,49.6066666666667,46.84,49.1933333333333,59.6033333333333,50.6,49.0533333333333,43.7833333333333,50.9333333333333,48.9333333333333,46.8233333333333,43.7833333333333,51.1466666666667,54.7766666666667,46.8233333333333,49.0533333333333,2006
"05-10 to 06-08",53.6666666666667,50.6333333333333,51.6366666666667,51.6366666666667,53.6733333333333,50.6333333333333,52.4,53.18,48.1,51.44,48.9133333333333,56.7433333333333,51.5266666666667,48.6533333333333,51.3833333333333,50.1733333333333,50.3233333333333,52.1433333333333,55.4233333333333,52.1133333333333,52.1133333333333,51.3833333333333,47.5633333333333,48.1,49.19,50.0033333333333,52.32,50.3233333333333,44.8333333333333,52.1433333333333,51.08,51.3833333333333,48.0166666666667,45.8566666666667,48.6533333333333,57.6833333333333,50.0033333333333,48.9133333333333,44.8333333333333,50.47,47.5633333333333,48.1233333333333,44.8333333333333,52.32,55.4233333333333,48.1233333333333,48.9133333333333,2007
"05-10 to 06-08",48.9833333333333,46.2,47.74,47.74,51.2266666666667,46.2,48.4033333333333,48.1133333333333,43.85,46.7233333333333,43.6533333333333,53.11,46.43,43.57,46.9366666666667,45.6066666666667,45.9866666666667,46.99,50.2533333333333,48.6833333333333,48.6833333333333,46.9366666666667,44.52,43.85,45.6833333333333,45.27,46.9666666666667,45.9866666666667,40.85,46.99,46.8933333333333,46.9366666666667,44.9666666666667,42.6366666666667,43.57,53.2066666666667,45.27,43.6533333333333,40.85,47.2466666666667,44.52,42.25,40.85,46.9666666666667,50.2533333333333,42.25,43.6533333333333,2008
"05-10 to 06-08",54.5933333333333,51.4666666666667,52.8266666666667,52.8266666666667,55.3566666666667,51.4666666666667,53.3266666666667,54.3533333333333,49.6233333333333,52.45,49.8933333333333,57.4933333333333,52.2466666666667,49.5966666666667,52.67,51.3066666666667,51.0433333333333,53.37,56.36,52.9533333333333,52.9533333333333,52.67,49.6866666666667,49.6233333333333,50.5666666666667,50.93,52.7366666666667,51.0433333333333,45.07,53.37,52.91,52.67,50.48,47.25,49.5966666666667,56.88,50.93,49.8933333333333,45.07,51.4166666666667,49.6866666666667,48.44,45.07,52.7366666666667,56.36,48.44,49.8933333333333,2009
"05-10 to 06-08",46.3133333333333,43.6966666666667,44.98,44.98,48.2266666666667,43.6966666666667,45.5033333333333,46.3333333333333,42.37,44.49,41.9733333333333,51.63,45.2966666666667,42.1033333333333,47.2733333333333,45.7733333333333,45.55,46.2333333333333,46.2,47.4766666666667,47.4766666666667,47.2733333333333,42.8566666666667,42.37,44.3666666666667,43.08,43.9566666666667,45.55,38.4033333333333,46.2333333333333,44.7366666666667,47.2733333333333,43.7333333333333,40.6666666666667,42.1033333333333,52.7466666666667,43.08,41.9733333333333,38.4033333333333,45.75,42.8566666666667,38.0766666666667,38.4033333333333,43.9566666666667,46.2,38.0766666666667,41.9733333333333,2010
"05-10 to 06-08",43.8766666666667,41.45,42.7866666666667,42.7866666666667,46.98,41.45,43.31,44.18,40.7733333333333,42.31,40.13,49.3466666666667,44.13,40.27,44.94,43.6833333333333,44.0333333333333,45,43.7433333333333,46.3266666666667,46.3266666666667,44.94,41.45,40.7733333333333,43.22,40.93,41.92,44.0333333333333,36.7566666666667,45,43.05,44.94,41.8933333333333,39.55,40.27,50.8966666666667,40.93,40.13,36.7566666666667,45.24,41.45,35.7866666666667,36.7566666666667,41.92,43.7433333333333,35.7866666666667,40.13,2011
"05-10 to 06-08",49.47,46.8566666666667,49.3366666666667,49.3366666666667,50.79,46.8566666666667,49.9766666666667,49.6633333333333,44.6933333333333,47.7166666666667,45.27,53.4333333333333,46.8666666666667,45.2566666666667,47.0233333333333,45.47,45.9266666666667,47.6933333333333,51.5266666666667,47.0266666666667,47.0266666666667,47.0233333333333,43.5666666666667,44.6933333333333,44.97,46.3866666666667,48.33,45.9266666666667,41.7233333333333,47.6933333333333,46.9333333333333,47.0233333333333,44.0833333333333,41.7166666666667,45.2566666666667,53.58,46.3866666666667,45.27,41.7233333333333,45.72,43.5666666666667,43.6833333333333,41.7233333333333,48.33,51.5266666666667,43.6833333333333,45.27,2012
"05-10 to 06-08",50.7533333333333,48.1633333333333,50.2666666666667,50.2666666666667,52.6766666666667,48.1633333333333,50.9433333333333,51.06,46.29,49.1366666666667,46.4033333333333,55.06,48.2333333333333,46.0966666666667,48.3266666666667,46.5566666666667,47.1133333333333,48.95,53.4733333333333,49.2333333333333,49.2333333333333,48.3266666666667,45.6166666666667,46.29,47.0666666666667,47.6033333333333,50.3633333333333,47.1133333333333,43.51,48.95,48.81,48.3266666666667,46.1233333333333,43.74,46.0966666666667,56.16,47.6033333333333,46.4033333333333,43.51,47.93,45.6166666666667,45.4166666666667,43.51,50.3633333333333,53.4733333333333,45.4166666666667,46.4033333333333,2013
"05-10 to 06-08",53.45,50.6066666666667,51.08,51.08,55.16,50.6066666666667,51.63,53.24,48.11,51.51,49.0466666666667,56.0266666666667,50.9633333333333,48.8666666666667,50.7066666666667,49.1333333333333,49.48,51.6566666666667,55.3233333333333,51.1733333333333,51.1733333333333,50.7066666666667,47.8966666666667,48.11,49.47,50.0233333333333,51.97,49.48,44.41,51.6566666666667,50.6733333333333,50.7066666666667,48.5266666666667,46.0466666666667,48.8666666666667,58.7,50.0233333333333,49.0466666666667,44.41,49.77,47.8966666666667,47.0833333333333,44.41,51.97,55.3233333333333,47.0833333333333,49.0466666666667,2014
"06-09 to 07-08",53.8333333333333,50.7033333333333,53.3266666666667,53.3266666666667,54.7366666666667,50.7033333333333,53.76,53.7033333333333,48.6833333333333,51.4566666666667,48.8433333333333,57.48,50.4566666666667,48.8033333333333,50.9666666666667,50.0633333333333,50.3166666666667,51.26,58.82,49.9533333333333,49.9533333333333,50.9666666666667,47.17,48.6833333333333,48.2566666666667,50.1266666666667,55.2766666666667,50.3166666666667,48.9633333333333,51.26,50.74,50.9666666666667,47.6033333333333,44.4733333333333,48.8033333333333,55.9633333333333,50.1266666666667,48.8433333333333,48.9633333333333,48.9966666666667,47.17,52.29,48.9633333333333,55.2766666666667,58.82,52.29,48.8433333333333,1981
"06-09 to 07-08",58.0233333333333,55.4433333333333,56.1366666666667,56.1366666666667,58.3633333333333,55.4433333333333,56.45,57.7433333333333,53.64,56.0966666666667,53.9766666666667,62.1933333333333,56.9266666666667,53.6966666666667,56.9866666666667,55.9133333333333,56.0866666666667,57.03,59.17,58.1033333333333,58.1033333333333,56.9866666666667,54.4966666666667,53.64,55.37,54.82,55.2566666666667,56.0866666666667,48.9666666666667,57.03,55.8033333333333,56.9866666666667,55.06,52.02,53.6966666666667,62.23,54.82,53.9766666666667,48.9666666666667,56.5366666666667,54.4966666666667,50.05,48.9666666666667,55.2566666666667,59.17,50.05,53.9766666666667,1982
"06-09 to 07-08",51.7466666666667,48.1366666666667,49.7466666666667,49.7466666666667,51.9466666666667,48.1366666666667,50.2133333333333,51.4266666666667,48.16,49.04,47.15,56.46,49.19,46.0633333333333,50.1966666666667,49.1933333333333,49.4333333333333,50.27,54.25,51.2466666666667,51.2466666666667,50.1966666666667,47.3033333333333,48.16,48.95,47.4266666666667,50.71,49.4333333333333,44.2366666666667,50.27,50,50.1966666666667,47.8333333333333,44.7,46.0633333333333,55.8233333333333,47.4266666666667,47.15,44.2366666666667,50.48,47.3033333333333,46.3366666666667,44.2366666666667,50.71,54.25,46.3366666666667,47.15,1983
"06-09 to 07-08",56.6,53.95,55.6233333333333,55.6233333333333,56.06,53.95,55.9666666666667,56.2766666666667,49.1366666666667,54.47,50.2,58.4633333333333,52.8666666666667,50.15,52.5066666666667,51.6666666666667,51.5966666666667,53.07,58.84,52.9,52.9,52.5066666666667,48.84,49.1366666666667,50.3,53.1366666666667,55.2566666666667,51.5966666666667,48.44,53.07,51.0766666666667,52.5066666666667,49.2633333333333,46.6733333333333,50.15,57.76,53.1366666666667,50.2,48.44,51.7533333333333,48.84,52.08,48.44,55.2566666666667,58.84,52.08,50.2,1984
"06-09 to 07-08",63.1466666666667,61.96,59.1033333333333,59.1033333333333,59.78,61.96,59.43,62.42,55.8733333333333,62.5433333333333,58.11,63.24,57.0133333333333,59.3366666666667,55.87,55.2633333333333,55.4566666666667,57.4533333333333,63.4033333333333,56.2433333333333,56.2433333333333,55.87,53.3466666666667,55.8733333333333,54.6733333333333,60.9533333333333,59.5433333333333,55.4566666666667,53.9333333333333,57.4533333333333,57.3166666666667,55.87,53.8733333333333,51.06,59.3366666666667,60.93,60.9533333333333,58.11,53.9333333333333,54.8833333333333,53.3466666666667,57.5566666666667,53.9333333333333,59.5433333333333,63.4033333333333,57.5566666666667,58.11,1985
"06-09 to 07-08",58.2066666666667,56.8733333333333,57.1466666666667,57.1466666666667,57.7533333333333,56.8733333333333,57.45,59.0566666666667,53.8266666666667,57.9533333333333,53.69,62.14,56.0033333333333,53.9066666666667,55.5266666666667,54.6466666666667,55.0166666666667,56.3366666666667,60.55,54.1866666666667,54.1866666666667,55.5266666666667,51.9633333333333,53.8266666666667,52.4333333333333,56.0166666666667,57.4233333333333,55.0166666666667,50.2833333333333,56.3366666666667,56.3366666666667,55.5266666666667,52.5133333333333,49.14,53.9066666666667,60.2666666666667,56.0166666666667,53.69,50.2833333333333,52.8233333333333,51.9633333333333,53.52,50.2833333333333,57.4233333333333,60.55,53.52,53.69,1986
"06-09 to 07-08",60.2433333333333,56.8766666666667,58.7866666666667,58.7866666666667,58.46,56.8766666666667,59.14,59.64,54.3733333333333,57.4466666666667,54.6266666666667,63.58,58.1033333333333,54.74,57.2933333333333,56.7966666666667,56.41,58.4466666666667,62.82,56.15,56.15,57.2933333333333,53.2733333333333,54.3733333333333,54.78,56.24,59.5966666666667,56.41,51.9733333333333,58.4466666666667,56.9833333333333,57.2933333333333,53.6833333333333,51.37,54.74,61.46,56.24,54.6266666666667,51.9733333333333,55.2566666666667,53.2733333333333,54.2733333333333,51.9733333333333,59.5966666666667,62.82,54.2733333333333,54.6266666666667,1987
"06-09 to 07-08",56.14,53.72,57.59,57.59,55.0866666666667,53.72,58.0533333333333,56.6266666666667,50.11,54.6933333333333,52.36,60.9533333333333,53.49,52.4166666666667,55.4333333333333,54.5166666666667,54.76,53.8533333333333,58.0233333333333,53.4366666666667,53.4366666666667,55.4333333333333,49.6566666666667,50.11,50.68,53.2433333333333,55.0066666666667,54.76,49.6233333333333,53.8533333333333,53.6666666666667,55.4333333333333,50.02,47.3333333333333,52.4166666666667,58.7866666666667,53.2433333333333,52.36,49.6233333333333,52.1933333333333,49.6566666666667,50.72,49.6233333333333,55.0066666666667,58.0233333333333,50.72,52.36,1988
"06-09 to 07-08",54.8433333333333,52.5133333333333,55.9633333333333,55.9633333333333,54.8566666666667,52.5133333333333,56.35,55.42,50.0866666666667,53.3566666666667,50.9566666666667,59.9533333333333,52.44,51.1,53.5833333333333,52.6333333333333,52.9966666666667,53.1166666666667,57.0033333333333,53.1433333333333,53.1433333333333,53.5833333333333,50.2266666666667,50.0866666666667,51.8166666666667,52.2533333333333,54.0166666666667,52.9966666666667,47.57,53.1166666666667,50.7633333333333,53.5833333333333,50.6366666666667,47.6333333333333,51.1,58.1166666666667,52.2533333333333,50.9566666666667,47.57,51.9933333333333,50.2266666666667,49.8033333333333,47.57,54.0166666666667,57.0033333333333,49.8033333333333,50.9566666666667,1989
"06-09 to 07-08",55.52,52.8533333333333,54.9733333333333,54.9733333333333,55.58,52.8533333333333,55.3066666666667,55.95,50.3566666666667,53.7833333333333,50.9366666666667,60.1533333333333,53.5466666666667,50.8266666666667,55.0766666666667,53.8433333333333,54.2833333333333,54.09,57.13,53.42,53.42,55.0766666666667,50.9066666666667,50.3566666666667,52.04,52.28,54.56,54.2833333333333,48.8366666666667,54.09,51.9033333333333,55.0766666666667,51.4566666666667,48.25,50.8266666666667,59.5366666666667,52.28,50.9366666666667,48.8366666666667,52.0866666666667,50.9066666666667,49.9066666666667,48.8366666666667,54.56,57.13,49.9066666666667,50.9366666666667,1990
"06-09 to 07-08",54.3833333333333,51.7533333333333,54.53,54.53,54.2166666666667,51.7533333333333,55.06,54.5833333333333,48.3266666666667,52.5266666666667,50.4533333333333,57.9766666666667,51.7533333333333,50.4033333333333,52.1066666666667,51.22,51.48,52.16,56.2033333333333,52.81,52.81,52.1066666666667,49.27,48.3266666666667,50.5333333333333,51.2933333333333,53.4866666666667,51.48,46.9666666666667,52.16,51,52.1066666666667,49.8966666666667,46.7633333333333,50.4033333333333,57.8733333333333,51.2933333333333,50.4533333333333,46.9666666666667,51.1,49.27,48.6466666666667,46.9666666666667,53.4866666666667,56.2033333333333,48.6466666666667,50.4533333333333,1991
"06-09 to 07-08",57.8766666666667,55.1633333333333,56.22,56.22,58.5533333333333,55.1633333333333,56.6066666666667,57.94,54.39,56.0033333333333,53.8233333333333,62.25,56.11,53.5666666666667,57.3666666666667,56.2233333333333,56.7466666666667,56.5633333333333,57.79,57.5133333333333,57.5133333333333,57.3666666666667,55.04,54.39,55.5566666666667,54.6633333333333,55.4866666666667,56.7466666666667,50.03,56.5633333333333,55.65,57.3666666666667,55.43,51.95,53.5666666666667,62.68,54.6633333333333,53.8233333333333,50.03,56.18,55.04,49.2733333333333,50.03,55.4866666666667,57.79,49.2733333333333,53.8233333333333,1992
"06-09 to 07-08",53.66,51.0466666666667,52.88,52.88,54.62,51.0466666666667,53.3633333333333,53.7366666666667,48.26,51.8766666666667,49.65,58.1166666666667,50.9133333333333,49.4533333333333,50.8633333333333,49.26,50.0666666666667,51.2333333333333,56.1666666666667,51.4566666666667,51.4566666666667,50.8633333333333,47.6533333333333,48.26,49.3633333333333,50.5566666666667,53.9233333333333,50.0666666666667,45.7,51.2333333333333,49.22,50.8633333333333,48.11,45.0933333333333,49.4533333333333,57.11,50.5566666666667,49.65,45.7,50.1266666666667,47.6533333333333,48.56,45.7,53.9233333333333,56.1666666666667,48.56,49.65,1993
"06-09 to 07-08",54.6733333333333,52.07,56.1933333333333,56.1933333333333,54.9266666666667,52.07,56.6866666666667,54.7933333333333,49.93,52.8933333333333,51.1766666666667,60.42,51.6066666666667,50.7733333333333,52.59,51.4366666666667,51.93,52.1966666666667,58.5466666666667,52.5033333333333,52.5033333333333,52.59,49.84,49.93,50.9033333333333,51.6233333333333,54.9533333333333,51.93,48.1333333333333,52.1966666666667,52.68,52.59,50.4966666666667,47.1466666666667,50.7733333333333,58.4233333333333,51.6233333333333,51.1766666666667,48.1333333333333,50.4466666666667,49.84,51.22,48.1333333333333,54.9533333333333,58.5466666666667,51.22,51.1766666666667,1994
"06-09 to 07-08",56.34,53.45,55.1233333333333,55.1233333333333,57.9233333333333,53.45,55.6033333333333,56.4033333333333,51.3266666666667,54.3066666666667,51.6333333333333,59.4233333333333,53.67,51.51,54.1333333333333,53.0133333333333,53.4633333333333,54.3533333333333,57.2766666666667,55.8533333333333,55.8533333333333,54.1333333333333,51.98,51.3266666666667,53.3066666666667,52.8433333333333,54.5433333333333,53.4633333333333,47.7066666666667,54.3533333333333,53.7066666666667,54.1333333333333,52.8033333333333,49.4,51.51,59.9766666666667,52.8433333333333,51.6333333333333,47.7066666666667,53.42,51.98,49.16,47.7066666666667,54.5433333333333,57.2766666666667,49.16,51.6333333333333,1995
"06-09 to 07-08",54.9566666666667,52.0733333333333,54.7266666666667,54.7266666666667,55.1933333333333,52.0733333333333,55.3166666666667,54.8566666666667,49.97,52.83,50.5766666666667,58.7466666666667,51.6666666666667,50.25,52.99,51.8966666666667,52.4,52.5466666666667,57.57,52.39,52.39,52.99,49.3633333333333,49.97,50.3533333333333,51.5333333333333,54.52,52.4,47.59,52.5466666666667,53.17,52.99,50.1166666666667,46.9266666666667,50.25,58.47,51.5333333333333,50.5766666666667,47.59,50.99,49.3633333333333,49.83,47.59,54.52,57.57,49.83,50.5766666666667,1996
"06-09 to 07-08",55.5766666666667,52.53,53.85,53.85,55.8733333333333,52.53,54.3266666666667,55.0166666666667,50.5366666666667,53.09,50.8233333333333,59.3166666666667,52.34,50.4033333333333,52.96,51.7533333333333,52.1633333333333,53.0633333333333,56.2233333333333,53.19,53.19,52.96,49.45,50.5366666666667,50.5766666666667,51.7533333333333,53.9766666666667,52.1633333333333,47.1633333333333,53.0633333333333,53.43,52.96,49.9833333333333,47.0266666666667,50.4033333333333,59.08,51.7533333333333,50.8233333333333,47.1633333333333,52.09,49.45,47.9333333333333,47.1633333333333,53.9766666666667,56.2233333333333,47.9333333333333,50.8233333333333,1997
"06-09 to 07-08",56.08,53.4066666666667,55.0833333333333,55.0833333333333,56.4566666666667,53.4066666666667,55.4633333333333,56.11,50.7733333333333,54.1,52.0233333333333,60.72,53.4766666666667,51.85,54.89,53.5833333333333,53.82,54.2533333333333,57.2033333333333,55.07,55.07,54.89,51.7966666666667,50.7733333333333,52.82,52.85,54.6866666666667,53.82,48.0133333333333,54.2533333333333,54.15,54.89,52.4933333333333,48.9333333333333,51.85,60.2133333333333,52.85,52.0233333333333,48.0133333333333,54.0433333333333,51.7966666666667,49.1266666666667,48.0133333333333,54.6866666666667,57.2033333333333,49.1266666666667,52.0233333333333,1998
"06-09 to 07-08",55.75,51.9233333333333,54.53,54.53,54.81,51.9233333333333,55.0166666666667,54.63,48.38,52.5266666666667,49.5333333333333,58.9,49.9966666666667,49.3266666666667,50.7166666666667,49.5033333333333,50.1466666666667,50.5166666666667,56.9466666666667,50.4,50.4,50.7166666666667,47.7033333333333,48.38,48.7966666666667,50.9733333333333,53.92,50.1466666666667,46.0766666666667,50.5166666666667,51.7533333333333,50.7166666666667,48.0766666666667,45.25,49.3266666666667,57.07,50.9733333333333,49.5333333333333,46.0766666666667,49.34,47.7033333333333,49.15,46.0766666666667,53.92,56.9466666666667,49.15,49.5333333333333,1999
"06-09 to 07-08",58.0233333333333,54.5333333333333,55.75,55.75,57.4766666666667,54.5333333333333,56.1766666666667,56.9566666666667,50.95,55.13,52.1066666666667,60.1733333333333,52.95,51.78,53.0933333333333,52.21,52.47,53.56,59.1766666666667,52.8966666666667,52.8966666666667,53.0933333333333,49.7833333333333,50.95,51.0233333333333,53.5166666666667,56.1,52.47,48.8966666666667,53.56,53.8233333333333,53.0933333333333,50.4466666666667,47.4333333333333,51.78,57.67,53.5166666666667,52.1066666666667,48.8966666666667,51.7633333333333,49.7833333333333,51.72,48.8966666666667,56.1,59.1766666666667,51.72,52.1066666666667,2000
"06-09 to 07-08",55.94,53.28,57.32,57.32,55.4466666666667,53.28,57.8666666666667,55.7633333333333,50.5466666666667,53.9633333333333,52.1633333333333,60.8833333333333,52.52,51.72,53.0033333333333,52.0533333333333,52.4466666666667,53.0666666666667,59.5066666666667,53.4066666666667,53.4066666666667,53.0033333333333,50.1166666666667,50.5466666666667,51.4466666666667,52.73,56.37,52.4466666666667,49.5566666666667,53.0666666666667,53.5266666666667,53.0033333333333,50.6733333333333,47.77,51.72,57.96,52.73,52.1633333333333,49.5566666666667,52.6266666666667,50.1166666666667,52.29,49.5566666666667,56.37,59.5066666666667,52.29,52.1633333333333,2001
"06-09 to 07-08",58.57,55.6966666666667,58.2433333333333,58.2433333333333,57.5833333333333,55.6966666666667,58.72,58.5233333333333,52.9566666666667,56.49,54.21,63.2133333333333,54.5766666666667,53.72,55.9033333333333,54.8266666666667,55.1233333333333,55.38,61.09,56.15,56.15,55.9033333333333,52.5466666666667,52.9566666666667,53.6433333333333,55.1433333333333,57.9433333333333,55.1233333333333,50.57,55.38,56.31,55.9033333333333,53.1766666666667,50.2466666666667,53.72,60.66,55.1433333333333,54.21,50.57,55.0766666666667,52.5466666666667,54,50.57,57.9433333333333,61.09,54,54.21,2002
"06-09 to 07-08",57.8033333333333,54.8266666666667,56.2366666666667,56.2366666666667,58.26,54.8266666666667,56.9566666666667,57.7066666666667,52.0866666666667,55.7166666666667,53.29,62.38,53.5633333333333,52.8766666666667,54.4066666666667,53.2166666666667,53.59,54.3366666666667,60.8433333333333,55.0933333333333,55.0933333333333,54.4066666666667,51.9266666666667,52.0866666666667,53.31,54.19,57.4266666666667,53.59,50.27,54.3366666666667,55.07,54.4066666666667,52.54,49.1166666666667,52.8766666666667,60.3333333333333,54.19,53.29,50.27,54.77,51.9266666666667,53.59,50.27,57.4266666666667,60.8433333333333,53.59,53.29,2003
"06-09 to 07-08",58.67,55.6733333333333,57.4866666666667,57.4866666666667,58.4666666666667,55.6733333333333,57.9666666666667,58.5666666666667,53.7466666666667,56.51,54.4833333333333,62.1166666666667,56.4,54.16,57.0266666666667,55.9066666666667,56.1533333333333,56.9166666666667,61.0933333333333,58.4266666666667,58.4266666666667,57.0266666666667,54.62,53.7466666666667,55.8133333333333,55.1866666666667,57.8066666666667,56.1533333333333,50.27,56.9166666666667,56.4466666666667,57.0266666666667,55.2366666666667,52.2133333333333,54.16,62.7966666666667,55.1866666666667,54.4833333333333,50.27,57.8633333333333,54.62,53.7033333333333,50.27,57.8066666666667,61.0933333333333,53.7033333333333,54.4833333333333,2004
"06-09 to 07-08",56.0566666666667,52.83,53.93,53.93,56.6833333333333,52.83,54.6966666666667,55.53,50.6566666666667,53.65,51.4033333333333,59.7966666666667,53.54,51.0633333333333,53.41,52.1333333333333,52.5533333333333,54.0833333333333,56.4,53.09,53.09,53.41,51.8,50.6566666666667,53.1966666666667,52.1666666666667,54.53,52.5533333333333,48.2433333333333,54.0833333333333,53.1266666666667,53.41,52.6166666666667,48.9666666666667,51.0633333333333,61.08,52.1666666666667,51.4033333333333,48.2433333333333,52.4766666666667,51.8,48.7766666666667,48.2433333333333,54.53,56.4,48.7766666666667,51.4033333333333,2005
"06-09 to 07-08",60.8233333333333,57.43,59.1733333333333,59.1733333333333,59.94,57.43,60.1,60.1866666666667,54.8233333333333,58.25,55.82,63.4066666666667,57.7033333333333,55.48,57.8166666666667,56.58,56.8833333333333,58.39,62.7933333333333,57.7866666666667,57.7866666666667,57.8166666666667,55.2766666666667,54.8233333333333,56.0433333333333,56.7966666666667,59.5933333333333,56.8833333333333,51.5766666666667,58.39,57.63,57.8166666666667,55.9966666666667,52.6866666666667,55.48,63.0466666666667,56.7966666666667,55.82,51.5766666666667,56.9233333333333,55.2766666666667,55.1533333333333,51.5766666666667,59.5933333333333,62.7933333333333,55.1533333333333,55.82,2006
"06-09 to 07-08",57.1033333333333,54.2733333333333,56.6833333333333,56.6833333333333,57.1533333333333,54.2733333333333,57.4366666666667,56.6633333333333,51.83,55.1166666666667,53.5,61.8566666666667,53.9433333333333,52.89,54.0333333333333,52.7466666666667,53.0566666666667,54.26,60.0466666666667,52.9533333333333,52.9533333333333,54.0333333333333,50.5766666666667,51.83,52.2133333333333,53.7066666666667,57.4433333333333,53.0566666666667,51.1033333333333,54.26,55.0266666666667,54.0333333333333,51.1833333333333,48.29,52.89,60.6766666666667,53.7066666666667,53.5,51.1033333333333,52.1733333333333,50.5766666666667,52.9033333333333,51.1033333333333,57.4433333333333,60.0466666666667,52.9033333333333,53.5,2007
"06-09 to 07-08",58.7833333333333,55.8066666666667,57.21,57.21,58.24,55.8066666666667,57.8766666666667,57.99,52.4633333333333,56.4333333333333,53.97,62.3566666666667,54.1566666666667,53.7466666666667,54.7366666666667,53.4266666666667,53.63,55.0166666666667,61.6966666666667,54.25,54.25,54.7366666666667,51.77,52.4633333333333,52.9366666666667,55.13,57.8433333333333,53.63,49.17,55.0166666666667,56.1866666666667,54.7366666666667,52.2033333333333,49.46,53.7466666666667,60.8933333333333,55.13,53.97,49.17,53.0033333333333,51.77,54.1266666666667,49.17,57.8433333333333,61.6966666666667,54.1266666666667,53.97,2008
"06-09 to 07-08",57.5,54.72,55.6833333333333,55.6833333333333,57.8733333333333,54.72,56.1466666666667,57.6933333333333,53.2533333333333,55.68,53.8266666666667,61.6,55.7533333333333,53.3033333333333,56.37,55.0966666666667,55.0966666666667,56.2933333333333,59.4133333333333,55.0666666666667,55.0666666666667,56.37,52.93,53.2533333333333,54.0333333333333,54.36,56.6966666666667,55.0966666666667,49.43,56.2933333333333,56.0033333333333,56.37,53.6666666666667,50.3866666666667,53.3033333333333,61.49,54.36,53.8266666666667,49.43,53.9066666666667,52.93,51.5166666666667,49.43,56.6966666666667,59.4133333333333,51.5166666666667,53.8266666666667,2009
"06-09 to 07-08",53.1266666666667,50.44,52.9266666666667,52.9266666666667,54.26,50.44,53.5133333333333,53.14,48.3233333333333,51.2733333333333,49.46,57.3633333333333,51.29,49.1866666666667,51.5633333333333,50.3766666666667,50.6766666666667,51.8,55.5133333333333,51.6666666666667,51.6666666666667,51.5633333333333,48.4066666666667,48.3233333333333,49.8966666666667,49.99,52.77,50.6766666666667,45.4466666666667,51.8,51.06,51.5633333333333,49.0766666666667,46.02,49.1866666666667,56.74,49.99,49.46,45.4466666666667,50.5466666666667,48.4066666666667,47.5666666666667,45.4466666666667,52.77,55.5133333333333,47.5666666666667,49.46,2010
"06-09 to 07-08",54.64,51.8066666666667,54.68,54.68,55.6466666666667,51.8066666666667,55.2366666666667,54.88,49.3733333333333,52.8266666666667,51.06,58.9866666666667,51.3,50.5,51.8033333333333,50.4866666666667,50.9333333333333,51.7433333333333,57.7766666666667,50.3633333333333,50.3633333333333,51.8033333333333,47.9066666666667,49.3733333333333,49.3433333333333,51.46,54.3333333333333,50.9333333333333,46.52,51.7433333333333,52.1466666666667,51.8033333333333,48.5066666666667,45.63,50.5,58.7566666666667,51.46,51.06,46.52,49.1466666666667,47.9066666666667,49.49,46.52,54.3333333333333,57.7766666666667,49.49,51.06,2011
"06-09 to 07-08",53.44,51.14,54.29,54.29,54.56,51.14,54.9266666666667,53.9366666666667,49.2033333333333,52.0133333333333,49.8,58.0066666666667,51.5966666666667,49.53,51.8833333333333,50.5866666666667,50.9766666666667,52.18,55.9233333333333,50.6866666666667,50.6866666666667,51.8833333333333,48.7033333333333,49.2033333333333,49.69,50.7166666666667,53.3833333333333,50.9766666666667,46.6733333333333,52.18,51.3433333333333,51.8833333333333,49.2266666666667,46.4066666666667,49.53,57.6866666666667,50.7166666666667,49.8,46.6733333333333,49.71,48.7033333333333,48.2,46.6733333333333,53.3833333333333,55.9233333333333,48.2,49.8,2012
"06-09 to 07-08",57.4466666666667,54.9666666666667,57.4633333333333,57.4633333333333,58.69,54.9666666666667,58.0866666666667,57.8333333333333,53.64,55.89,53.9,62.0333333333333,56.03,53.5233333333333,56.49,54.7933333333333,55.3133333333333,56.61,60.2666666666667,55.2833333333333,55.2833333333333,56.49,53.12,53.64,54.43,54.5666666666667,57.6766666666667,55.3133333333333,51.1133333333333,56.61,55.76,56.49,53.6733333333333,50.89,53.5233333333333,62.8333333333333,54.5666666666667,53.9,51.1133333333333,54.69,53.12,52.3933333333333,51.1133333333333,57.6766666666667,60.2666666666667,52.3933333333333,53.9,2013
"06-09 to 07-08",56.9633333333333,54.0333333333333,56.4133333333333,56.4133333333333,58.6533333333333,54.0333333333333,57.0433333333333,56.59,51.4466666666667,54.7866666666667,52.7666666666667,60.8,54.2366666666667,52.6866666666667,54.36,52.6766666666667,53.2466666666667,54.9,60.2433333333333,53.78,53.78,54.36,51.4266666666667,51.4466666666667,53.06,53.5833333333333,57.1533333333333,53.2466666666667,50.1233333333333,54.9,52.8433333333333,54.36,52.1066666666667,49.13,52.6866666666667,58.4966666666667,53.5833333333333,52.7666666666667,50.1233333333333,53.1666666666667,51.4266666666667,52.4166666666667,50.1233333333333,57.1533333333333,60.2433333333333,52.4166666666667,52.7666666666667,2014
"07-09 to 08-07",61.6066666666667,59.2466666666667,57.5766666666667,57.5766666666667,60.7866666666667,59.2466666666667,57.9566666666667,61.5,55.5866666666667,59.9466666666667,56.6166666666667,63.25,57.4333333333333,56.6933333333333,57.4833333333333,56.8066666666667,56.6666666666667,57.72,64.4533333333333,57.8266666666667,57.8266666666667,57.4833333333333,54.7733333333333,55.5866666666667,55.9733333333333,58.4033333333333,60.74,56.6666666666667,54.7533333333333,57.72,57.0533333333333,57.4833333333333,55.26,52.1266666666667,56.6933333333333,61.77,58.4033333333333,56.6166666666667,54.7533333333333,56.8333333333333,54.7733333333333,57.9866666666667,54.7533333333333,60.74,64.4533333333333,57.9866666666667,56.6166666666667,1981
"07-09 to 08-07",61.56,59.56,59,59,60.7433333333333,59.56,59.3833333333333,61.3233333333333,57.6466666666667,60.1433333333333,57.41,64.23,59.63,57.28,58.65,58.0466666666667,58.01,59.6366666666667,64.55,57.34,57.34,58.65,55.2266666666667,57.6466666666667,56.37,58.82,60.2633333333333,58.01,54.7766666666667,59.6366666666667,58.8233333333333,58.65,55.6866666666667,52.9233333333333,57.28,62.61,58.82,57.41,54.7766666666667,55.9366666666667,55.2266666666667,57.2033333333333,54.7766666666667,60.2633333333333,64.55,57.2033333333333,57.41,1982
"07-09 to 08-07",59.23,56.14,56.4766666666667,56.4766666666667,58.95,56.14,56.91,58.94,54.94,56.92,55.2166666666667,63.2733333333333,56.7233333333333,54.2133333333333,57.0833333333333,56.2666666666667,56.2366666666667,57.3,61.5766666666667,57.32,57.32,57.0833333333333,53.56,54.94,54.8866666666667,55.4966666666667,58.2366666666667,56.2366666666667,52.3633333333333,57.3,56.5533333333333,57.0833333333333,53.9233333333333,51.19,54.2133333333333,61.0833333333333,55.4966666666667,55.2166666666667,52.3633333333333,56.1366666666667,53.56,54.0866666666667,52.3633333333333,58.2366666666667,61.5766666666667,54.0866666666667,55.2166666666667,1983
"07-09 to 08-07",64.5833333333333,62.22,61.63,61.63,61.71,62.22,61.91,64.0233333333333,57.3966666666667,62.6333333333333,60.2233333333333,65.86,61.88,59.89,60.7433333333333,60.55,59.7633333333333,61.6833333333333,65.4966666666667,60.98,60.98,60.7433333333333,56.9833333333333,57.3966666666667,58.1566666666667,61.6466666666667,62.34,59.7633333333333,56.3666666666667,61.6833333333333,59.18,60.7433333333333,57.4733333333333,55.02,59.89,63.6966666666667,61.6466666666667,60.2233333333333,56.3666666666667,59.01,56.9833333333333,58.4733333333333,56.3666666666667,62.34,65.4966666666667,58.4733333333333,60.2233333333333,1984
"07-09 to 08-07",67.4833333333333,66.43,63.4733333333333,63.4733333333333,65.5666666666667,66.43,63.7866666666667,66.7566666666667,60.34,67.0366666666667,62.4433333333333,68.29,63.9966666666667,63.29,61.7866666666667,61.6066666666667,61.2166666666667,63.4933333333333,67.37,64.0233333333333,64.0233333333333,61.7866666666667,60.58,60.34,61.9766666666667,65.2633333333333,64.5933333333333,61.2166666666667,59.28,63.4933333333333,62.0866666666667,61.7866666666667,61.2133333333333,58.5866666666667,63.29,66.16,65.2633333333333,62.4433333333333,59.28,62.4266666666667,60.58,59.4533333333333,59.28,64.5933333333333,67.37,59.4533333333333,62.4433333333333,1985
"07-09 to 08-07",60.1433333333333,59.0466666666667,58.8366666666667,58.8366666666667,59.8,59.0466666666667,59.3433333333333,61.3433333333333,54.1233333333333,60.2533333333333,56.42,62.6333333333333,56.5866666666667,56.46,57.3633333333333,55.9366666666667,56.6666666666667,56.9633333333333,63.2833333333333,57.1266666666667,57.1266666666667,57.3633333333333,52.81,54.1233333333333,53.2133333333333,58.1333333333333,60.1433333333333,56.6666666666667,53.0133333333333,56.9633333333333,57.2033333333333,57.3633333333333,53.3333333333333,50.0833333333333,56.46,60.5666666666667,58.1333333333333,56.42,53.0133333333333,55.9366666666667,52.81,56.4166666666667,53.0133333333333,60.1433333333333,63.2833333333333,56.4166666666667,56.42,1986
"07-09 to 08-07",58.9233333333333,56.1366666666667,57.8666666666667,57.8666666666667,59.25,56.1366666666667,58.2466666666667,58.9833333333333,53.7,56.94,54.2933333333333,62.14,57.9933333333333,54.28,57.59,56.88,56.5966666666667,57.9433333333333,62.2466666666667,58.6966666666667,58.6966666666667,57.59,54.1066666666667,53.7,55.6833333333333,55.5466666666667,59.1,56.5966666666667,52.0966666666667,57.9433333333333,56.0266666666667,57.59,54.4033333333333,51.8566666666667,54.28,62.2266666666667,55.5466666666667,54.2933333333333,52.0966666666667,57.3466666666667,54.1066666666667,54.4333333333333,52.0966666666667,59.1,62.2466666666667,54.4333333333333,54.2933333333333,1987
"07-09 to 08-07",64.02,61.4533333333333,65.8066666666667,65.8066666666667,63.6933333333333,61.4533333333333,66.0766666666667,64.5266666666667,58.68,62.3966666666667,60.3166666666667,67.7166666666667,60.7666666666667,60.3633333333333,60.6166666666667,59.9333333333333,60.0566666666667,60.8433333333333,68.67,60.4666666666667,60.4666666666667,60.6166666666667,57.2233333333333,58.68,58.6833333333333,61.2466666666667,64.8666666666667,60.0566666666667,59.52,60.8433333333333,61.9666666666667,60.6166666666667,57.3366666666667,55.3666666666667,60.3633333333333,64.7333333333333,61.2466666666667,60.3166666666667,59.52,58.8633333333333,57.2233333333333,61.4133333333333,59.52,64.8666666666667,68.67,61.4133333333333,60.3166666666667,1988
"07-09 to 08-07",57.18,55.2633333333333,61.3133333333333,61.3133333333333,58.3166666666667,55.2633333333333,61.3133333333333,58.2066666666667,52.5566666666667,56.2466666666667,54.7566666666667,64.2,55.3666666666667,54.48,56.03,54.8966666666667,55.34,55.4,60.9133333333333,58.3233333333333,58.3233333333333,56.03,56.02,52.5566666666667,57.28,55.29,58.3933333333333,55.34,52.98,55.4,56.4133333333333,56.03,56.56,53.2733333333333,54.48,61.81,55.29,54.7566666666667,52.98,56.87,56.02,53.9066666666667,52.98,58.3933333333333,60.9133333333333,53.9066666666667,54.7566666666667,1989
"07-09 to 08-07",67.0633333333333,64.42,65.94,65.94,66.72,64.42,66.1633333333333,67.92,62.17,65.3933333333333,62.3,70.47,64.6133333333333,62.1166666666667,64.7666666666667,64.2133333333333,64.1933333333333,64.81,70.55,64.2933333333333,64.2933333333333,64.7666666666667,62.0533333333333,62.17,63.4466666666667,64.08,66.0433333333333,64.1933333333333,59.3033333333333,64.81,64.23,64.7666666666667,62.5466666666667,60.1033333333333,62.1166666666667,68.7233333333333,64.08,62.3,59.3033333333333,62.12,62.0533333333333,62.8766666666667,59.3033333333333,66.0433333333333,70.55,62.8766666666667,62.3,1990
"07-09 to 08-07",62.3666666666667,60.0466666666667,62.7733333333333,62.7733333333333,62.4933333333333,60.0466666666667,63.1833333333333,62.6133333333333,56.73,60.6466666666667,58.9966666666667,67,59.0933333333333,58.8066666666667,60.2733333333333,59.2566666666667,59.6233333333333,59.31,64.2466666666667,59.7333333333333,59.7333333333333,60.2733333333333,57.0333333333333,56.73,58.02,59.6433333333333,61.04,59.6233333333333,55.5266666666667,59.31,59.4033333333333,60.2733333333333,57.3366666666667,54.46,58.8066666666667,65.2866666666667,59.6433333333333,58.9966666666667,55.5266666666667,58.02,57.0333333333333,56.7933333333333,55.5266666666667,61.04,64.2466666666667,56.7933333333333,58.9966666666667,1991
"07-09 to 08-07",63.9566666666667,61.06,62.6,62.6,63.12,61.06,63.09,63.8833333333333,59.5233333333333,61.86,59.7266666666667,66.9233333333333,60.71,59.2133333333333,61.7066666666667,60.6366666666667,60.9266666666667,61.0033333333333,67.28,61.2233333333333,61.2233333333333,61.7066666666667,57.97,59.5233333333333,58.88,60.5833333333333,62.9333333333333,60.9266666666667,56.0933333333333,61.0033333333333,61.1933333333333,61.7066666666667,58.48,55.4066666666667,59.2133333333333,65.9166666666667,60.5833333333333,59.7266666666667,56.0933333333333,58.9633333333333,57.97,59.4,56.0933333333333,62.9333333333333,67.28,59.4,59.7266666666667,1992
"07-09 to 08-07",57.9933333333333,55.28,55.8033333333333,55.8033333333333,58.83,55.28,56.3266666666667,57.76,52.84,55.9666666666667,53.55,61.1533333333333,55.4266666666667,53.5033333333333,55.5933333333333,53.95,54.7866666666667,55.55,60.2666666666667,57.6,57.6,55.5933333333333,52.69,52.84,54.2633333333333,54.5633333333333,57.08,54.7866666666667,50.8833333333333,55.55,53.85,55.5933333333333,53.2866666666667,50.2633333333333,53.5033333333333,59.8666666666667,54.5633333333333,53.55,50.8833333333333,55.3666666666667,52.69,52.58,50.8833333333333,57.08,60.2666666666667,52.58,53.55,1993
"07-09 to 08-07",65.9,63.5033333333333,67.76,67.76,65.33,63.5033333333333,68.09,66.32,62.0866666666667,64.4166666666667,62.8633333333333,71.0766666666667,63.83,62.4266666666667,65.1066666666667,63.9466666666667,64.02,63.8766666666667,70.61,64.18,64.18,65.1066666666667,61.6933333333333,62.0866666666667,62.2566666666667,63.2666666666667,65.83,64.02,58.6766666666667,63.8766666666667,65.9933333333333,65.1066666666667,62.0766666666667,59.2966666666667,62.4266666666667,68.4533333333333,63.2666666666667,62.8633333333333,58.6766666666667,61.6333333333333,61.6933333333333,62.9333333333333,58.6766666666667,65.83,70.61,62.9333333333333,62.8633333333333,1994
"07-09 to 08-07",63.0566666666667,60.2,61.02,61.02,63.2866666666667,60.2,61.5966666666667,62.76,58.22,60.8033333333333,59.0266666666667,65.8,59.5466666666667,58.5533333333333,60.2433333333333,59.2333333333333,59.5633333333333,59.9966666666667,64.55,59.69,59.69,60.2433333333333,57.07,58.22,58.06,59.6366666666667,61.54,59.5633333333333,55.48,59.9966666666667,60.7,60.2433333333333,57.6066666666667,54.4166666666667,58.5533333333333,64.87,59.6366666666667,59.0266666666667,55.48,57.2533333333333,57.07,56.5333333333333,55.48,61.54,64.55,56.5333333333333,59.0266666666667,1995
"07-09 to 08-07",64.6066666666667,61.7566666666667,62.9133333333333,62.9133333333333,64.1166666666667,61.7566666666667,63.48,64.5966666666667,60.0666666666667,62.53,60.1666666666667,68.0566666666667,61.6333333333333,59.7066666666667,61.98,60.8833333333333,61.1233333333333,61.9533333333333,68.7,61.74,61.74,61.98,58.6033333333333,60.0666666666667,59.6166666666667,61.28,64.19,61.1233333333333,57.26,61.9533333333333,63.28,61.98,59.0666666666667,56.6333333333333,59.7066666666667,65.71,61.28,60.1666666666667,57.26,60.1866666666667,58.6033333333333,60.65,57.26,64.19,68.7,60.65,60.1666666666667,1996
"07-09 to 08-07",62.46,59.8,61.49,61.49,62.4066666666667,59.8,61.8966666666667,62.43,58.3366666666667,60.4433333333333,58.7233333333333,67.1666666666667,59.7666666666667,58.0433333333333,60.48,59.53,59.68,60.32,65.8466666666667,59.83,59.83,60.48,57.2666666666667,58.3366666666667,58.1933333333333,59.31,62.4566666666667,59.68,55.92,60.32,61.5533333333333,60.48,57.7766666666667,54.8533333333333,58.0433333333333,64.04,59.31,58.7233333333333,55.92,58.4333333333333,57.2666666666667,57.8933333333333,55.92,62.4566666666667,65.8466666666667,57.8933333333333,58.7233333333333,1997
"07-09 to 08-07",68.4033333333333,65.3666666666667,66.4966666666667,66.4966666666667,65.8966666666667,65.3666666666667,66.9866666666667,68.0966666666667,63.9733333333333,65.9433333333333,64.1,71.78,65.63,63.5466666666667,66.07,65.3233333333333,65.0833333333333,66.15,70.83,64.8766666666667,64.8766666666667,66.07,63.13,63.9733333333333,63.71,64.79,67.1433333333333,65.0833333333333,60.6266666666667,66.15,66.87,66.07,63.8733333333333,60.6033333333333,63.5466666666667,69.3033333333333,64.79,64.1,60.6266666666667,64.03,63.13,62.68,60.6266666666667,67.1433333333333,70.83,62.68,64.1,1998
"07-09 to 08-07",64.4333333333333,61.3966666666667,61.75,61.75,62.2366666666667,61.3966666666667,62.1766666666667,63.8,59.1666666666667,61.98,58.86,66.7333333333333,60.4,58.5966666666667,60.6433333333333,60.0766666666667,60.1533333333333,60.8166666666667,66.5533333333333,60.83,60.83,60.6433333333333,58.0833333333333,59.1666666666667,58.8766666666667,60.6466666666667,62.8333333333333,60.1533333333333,54.86,60.8166666666667,62.55,60.6433333333333,58.7933333333333,55.67,58.5966666666667,64.34,60.6466666666667,58.86,54.86,59.8666666666667,58.0833333333333,58.5433333333333,54.86,62.8333333333333,66.5533333333333,58.5433333333333,58.86,1999
"07-09 to 08-07",64.51,61.4266666666667,63.8266666666667,63.8266666666667,62.8666666666667,61.4266666666667,64.4833333333333,64.0233333333333,58.8366666666667,62.0633333333333,59.9733333333333,68.3566666666667,60.3766666666667,59.2633333333333,61.0066666666667,60.15,60.1633333333333,60.6833333333333,67.46,60.6266666666667,60.6266666666667,61.0066666666667,58.0533333333333,58.8366666666667,59.1966666666667,60.74,64.2633333333333,60.1633333333333,56.6866666666667,60.6833333333333,62.2966666666667,61.0066666666667,58.56,55.6166666666667,59.2633333333333,65.1566666666667,60.74,59.9733333333333,56.6866666666667,59.4833333333333,58.0533333333333,59.7633333333333,56.6866666666667,64.2633333333333,67.46,59.7633333333333,59.9733333333333,2000
"07-09 to 08-07",60.57,57.6033333333333,59.78,59.78,59.7766666666667,57.6033333333333,60.2533333333333,60.2566666666667,55.15,58.2433333333333,56.3233333333333,64.6366666666667,56.3433333333333,55.6633333333333,57.18,56.07,56.3666666666667,56.7133333333333,63.87,57.0033333333333,57.0033333333333,57.18,54.4866666666667,55.15,55.66,56.84,60.42,56.3666666666667,52.8933333333333,56.7133333333333,58.2766666666667,57.18,54.8733333333333,51.6433333333333,55.6633333333333,61.94,56.84,56.3233333333333,52.8933333333333,55.6233333333333,54.4866666666667,55.9133333333333,52.8933333333333,60.42,63.87,55.9133333333333,56.3233333333333,2001
"07-09 to 08-07",64.6366666666667,61.81,63.18,63.18,63.2633333333333,61.81,63.7533333333333,64.8166666666667,58.9733333333333,62.5633333333333,60.8166666666667,68.35,60.1633333333333,60.06,61.2433333333333,60.36,60.3666666666667,60.8633333333333,68.1133333333333,60.17,60.17,61.2433333333333,57.7133333333333,58.9733333333333,58.6366666666667,61.2766666666667,64.76,60.3666666666667,57.8333333333333,60.8633333333333,61.9666666666667,61.2433333333333,58.1033333333333,55.1866666666667,60.06,66.0166666666667,61.2766666666667,60.8166666666667,57.8333333333333,59.08,57.7133333333333,61.3566666666667,57.8333333333333,64.76,68.1133333333333,61.3566666666667,60.8166666666667,2002
"07-09 to 08-07",68.4166666666667,65.4533333333333,65.9466666666667,65.9466666666667,66.7466666666667,65.4533333333333,66.4566666666667,68.2866666666667,63.2433333333333,66.2966666666667,63.9466666666667,72.83,64.74,63.1466666666667,65.0433333333333,63.7933333333333,63.8733333333333,64.77,71.1866666666667,64.9,64.9,65.0433333333333,62.0433333333333,63.2433333333333,62.8133333333333,64.8766666666667,67.5333333333333,63.8733333333333,61.2166666666667,64.77,66.66,65.0433333333333,62.7033333333333,59.5833333333333,63.1466666666667,70.3666666666667,64.8766666666667,63.9466666666667,61.2166666666667,64.07,62.0433333333333,63.65,61.2166666666667,67.5333333333333,71.1866666666667,63.65,63.9466666666667,2003
"07-09 to 08-07",65.2466666666667,62.2866666666667,64.24,64.24,64.9933333333333,62.2866666666667,64.8333333333333,65.1766666666667,60.9033333333333,63.09,61.4966666666667,68.8033333333333,63.4166666666667,60.7933333333333,63.8466666666667,62.44,62.5666666666667,63.52,67.99,64.2766666666667,64.2766666666667,63.8466666666667,61.4666666666667,60.9033333333333,62.4233333333333,61.8533333333333,64.3633333333333,62.5666666666667,57.5366666666667,63.52,63.8333333333333,63.8466666666667,62.27,58.9533333333333,60.7933333333333,69.94,61.8533333333333,61.4966666666667,57.5366666666667,63.0333333333333,61.4666666666667,59.84,57.5366666666667,64.3633333333333,67.99,59.84,61.4966666666667,2004
"07-09 to 08-07",67.4966666666667,64.0666666666667,64.4766666666667,64.4766666666667,66.6333333333333,64.0666666666667,65.55,66.9833333333333,60.8733333333333,64.9666666666667,62.8033333333333,69.3633333333333,62.62,62.2133333333333,62.6033333333333,61.3733333333333,61.4633333333333,63.2666666666667,70.5833333333333,60.86,60.86,62.6033333333333,59.46,60.8733333333333,60.3333333333333,63.5233333333333,67.28,61.4633333333333,59.8066666666667,63.2666666666667,63.2533333333333,62.6033333333333,60.1333333333333,57.1233333333333,62.2133333333333,67.9066666666667,63.5233333333333,62.8033333333333,59.8066666666667,59.9566666666667,59.46,63.6633333333333,59.8066666666667,67.28,70.5833333333333,63.6633333333333,62.8033333333333,2005
"07-09 to 08-07",66.3533333333333,63.14,64.3866666666667,64.3866666666667,66.4866666666667,63.14,65.3666666666667,65.86,59.9066666666667,63.8666666666667,61.92,69.06,62.77,61.12,62.6266666666667,61.4333333333333,61.64,63.2166666666667,69.49,61.7266666666667,61.7266666666667,62.6266666666667,59.9566666666667,59.9066666666667,60.8833333333333,62.6266666666667,66.5666666666667,61.64,59.6266666666667,63.2166666666667,63.4933333333333,62.6266666666667,60.6066666666667,57.4766666666667,61.12,67.6633333333333,62.6266666666667,61.92,59.6266666666667,60.6866666666667,59.9566666666667,62.0466666666667,59.6266666666667,66.5666666666667,69.49,62.0466666666667,61.92,2006
"07-09 to 08-07",64.81,62.1033333333333,63.9733333333333,63.9733333333333,63.9266666666667,62.1033333333333,64.7,64.49,60.6233333333333,62.9433333333333,61.54,69.68,62.3466666666667,60.9,62.8533333333333,61.4533333333333,61.6133333333333,62.44,66.8166666666667,61.12,61.12,62.8533333333333,59.3866666666667,60.6233333333333,60.84,61.6533333333333,65.1333333333333,61.6133333333333,58.85,62.44,63.3,62.8533333333333,59.8666666666667,57.0966666666667,60.9,66.78,61.6533333333333,61.54,58.85,60.32,59.3866666666667,59.8233333333333,58.85,65.1333333333333,66.8166666666667,59.8233333333333,61.54,2007
"07-09 to 08-07",63.9933333333333,60.6533333333333,61.2733333333333,61.2733333333333,63.96,60.6533333333333,61.8966666666667,63.2166666666667,58.08,61.32,58.2066666666667,66.2833333333333,60.0966666666667,57.83,59.4566666666667,58.35,58.1366666666667,60.6733333333333,67.5,58.8866666666667,58.8866666666667,59.4566666666667,56.5666666666667,58.08,58.0333333333333,60.0933333333333,63.82,58.1366666666667,56.05,60.6733333333333,61.42,59.4566666666667,56.9566666666667,54.4666666666667,57.83,63.7566666666667,60.0933333333333,58.2066666666667,56.05,57.48,56.5666666666667,59.7633333333333,56.05,63.82,67.5,59.7633333333333,58.2066666666667,2008
"07-09 to 08-07",67.0766666666667,64.1,63.0966666666667,63.0966666666667,66.6933333333333,64.1,63.5866666666667,67.0566666666667,63.51,64.97,63.3666666666667,71.1166666666667,65.5766666666667,62.4266666666667,66.45,65.17,64.6933333333333,65.9166666666667,69.9333333333333,64.9466666666667,64.9466666666667,66.45,62.98,63.51,64.0233333333333,63.7133333333333,66.41,64.6933333333333,59.16,65.9166666666667,66.0333333333333,66.45,63.5466666666667,60.6666666666667,62.4266666666667,70.9266666666667,63.7133333333333,63.3666666666667,59.16,63.73,62.98,61.3966666666667,59.16,66.41,69.9333333333333,61.3966666666667,63.3666666666667,2009
"07-09 to 08-07",64.3433333333333,61.8233333333333,63.2233333333333,63.2233333333333,64.64,61.8233333333333,63.87,64.8533333333333,60.9733333333333,62.8133333333333,62.0533333333333,68.9733333333333,62.6966666666667,61.6266666666667,63.3066666666667,62.4433333333333,62.53,62.9833333333333,69.4633333333333,62.19,62.19,63.3066666666667,60.24,60.9733333333333,61.32,61.7166666666667,65.75,62.53,58,62.9833333333333,63.44,63.3066666666667,60.71,58.01,61.6266666666667,67.39,61.7166666666667,62.0533333333333,58,60.98,60.24,61.83,58,65.75,69.4633333333333,61.83,62.0533333333333,2010
"07-09 to 08-07",58.4766666666667,55.8733333333333,58.8033333333333,58.8033333333333,60.1433333333333,55.8733333333333,59.38,59.02,54.3,56.9,54.9666666666667,63.4533333333333,56.5833333333333,54.2066666666667,56.6133333333333,55.43,55.8666666666667,56.89,62.4833333333333,54.7766666666667,54.7766666666667,56.6133333333333,52.82,54.3,54.2833333333333,55.67,59.4366666666667,55.8666666666667,52.0166666666667,56.89,56.66,56.6133333333333,53.3633333333333,50.7,54.2066666666667,61.9233333333333,55.67,54.9666666666667,52.0166666666667,53.5,52.82,54.7133333333333,52.0166666666667,59.4366666666667,62.4833333333333,54.7133333333333,54.9666666666667,2011
"07-09 to 08-07",62.81,60.68,62.5566666666667,62.5566666666667,63.43,60.68,63.29,63.59,59.54,61.6866666666667,60.1766666666667,67.9666666666667,61.8433333333333,59.3833333333333,62.61,61.2466666666667,61.4866666666667,61.89,66.78,61.9266666666667,61.9266666666667,62.61,59.6933333333333,59.54,60.6766666666667,60.39,63.4166666666667,61.4866666666667,56.4066666666667,61.89,61.8633333333333,62.61,60.1866666666667,57.3,59.3833333333333,68.04,60.39,60.1766666666667,56.4066666666667,61.1266666666667,59.6933333333333,59.05,56.4066666666667,63.4166666666667,66.78,59.05,60.1766666666667,2012
"07-09 to 08-07",64.9733333333333,62.6433333333333,63.3066666666667,63.3066666666667,64.79,62.6433333333333,63.99,65.9,60.2866666666667,63.97,61.2933333333333,69.41,62.25,60.42,62.53,61,61.3733333333333,62.55,70.3733333333333,61.59,61.59,62.53,59.4033333333333,60.2866666666667,60.53,62.23,66.15,61.3733333333333,58.5833333333333,62.55,63.2333333333333,62.53,59.9033333333333,57.32,60.42,67.3533333333333,62.23,61.2933333333333,58.5833333333333,60.7366666666667,59.4033333333333,61.8966666666667,58.5833333333333,66.15,70.3733333333333,61.8966666666667,61.2933333333333,2013
"07-09 to 08-07",66.05,64.3,65.82,65.82,67.4933333333333,64.3,66.44,67.1566666666667,63.19,65.5366666666667,63.53,71.29,64.9,63.0866666666667,65.38,63.9133333333333,64.08,65.3533333333333,71.7033333333333,63.9766666666667,63.9766666666667,65.38,62.17,63.19,63.3566666666667,63.98,67.8233333333333,64.08,60.37,65.3533333333333,63.9,65.38,62.6633333333333,60.2533333333333,63.0866666666667,68.4066666666667,63.98,63.53,60.37,63.21,62.17,63.57,60.37,67.8233333333333,71.7033333333333,63.57,63.53,2014
"08-08 to 09-06",64.76,62.7633333333333,60.5,60.5,64.2266666666667,62.7633333333333,60.89,64.64,59.48,63.3466666666667,59.9033333333333,66.1366666666667,62.5233333333333,59.9666666666667,61.3666666666667,60.8033333333333,60.3333333333333,62.57,67.7733333333333,61.78,61.78,61.3666666666667,59.8266666666667,59.48,60.8966666666667,61.93,63.77,60.3333333333333,57.98,62.57,60.6166666666667,61.3666666666667,60.4633333333333,57.3866666666667,59.9666666666667,65.6066666666667,61.93,59.9033333333333,57.98,60.1766666666667,59.8266666666667,60.7966666666667,57.98,63.77,67.7733333333333,60.7966666666667,59.9033333333333,1981
"08-08 to 09-06",62.0933333333333,60.44,59.98,59.98,62.3166666666667,60.44,60.2966666666667,62.0166666666667,58.5,61.0466666666667,57.62,64.7733333333333,61.0733333333333,57.2133333333333,59.5566666666667,59.1666666666667,58.66,61.2833333333333,65.3066666666667,58.95,58.95,59.5566666666667,56.1766666666667,58.5,57.2766666666667,59.5233333333333,61.1766666666667,58.66,56.1033333333333,61.2833333333333,59.3533333333333,59.5566666666667,56.61,53.7766666666667,57.2133333333333,63.3633333333333,59.5233333333333,57.62,56.1033333333333,57.7233333333333,56.1766666666667,57.6833333333333,56.1033333333333,61.1766666666667,65.3066666666667,57.6833333333333,57.62,1982
"08-08 to 09-06",59.86,57.1466666666667,56.87,56.87,60.42,57.1466666666667,57.4666666666667,59.7933333333333,55.14,57.84,55.81,63.71,58.3333333333333,55.2666666666667,58.0833333333333,57.33,57.0766666666667,58.83,62.1533333333333,59.0233333333333,59.0233333333333,58.0833333333333,54.6833333333333,55.14,55.72,56.4433333333333,58.6733333333333,57.0766666666667,52.7966666666667,58.83,57.0733333333333,58.0833333333333,55.0966666666667,52.4766666666667,55.2666666666667,61.7733333333333,56.4433333333333,55.81,52.7966666666667,57.6033333333333,54.6833333333333,53.74,52.7966666666667,58.6733333333333,62.1533333333333,53.74,55.81,1983
"08-08 to 09-06",63.0566666666667,60.4666666666667,59.3266666666667,59.3266666666667,61.0133333333333,60.4666666666667,59.6433333333333,62.61,57.11,60.9966666666667,57.4233333333333,64.5466666666667,59.3066666666667,57.5333333333333,57.8166666666667,57.0266666666667,56.8833333333333,59.2066666666667,64.0166666666667,58.0133333333333,58.0133333333333,57.8166666666667,54.49,57.11,55.8433333333333,59.89,60.2533333333333,56.8833333333333,54.7033333333333,59.2066666666667,58.4933333333333,57.8166666666667,54.98,51.9566666666667,57.5333333333333,62.2533333333333,59.89,57.4233333333333,54.7033333333333,56.3166666666667,54.49,56.7133333333333,54.7033333333333,60.2533333333333,64.0166666666667,56.7133333333333,57.4233333333333,1984
"08-08 to 09-06",59.2166666666667,57.9633333333333,56.9233333333333,56.9233333333333,60.1366666666667,57.9633333333333,57.32,59.73,54.0866666666667,58.96,55.4233333333333,61.3666666666667,57.72,55.7966666666667,56.33,55.9733333333333,55.5233333333333,57.9933333333333,62.17,57.59,57.59,56.33,53.6,54.0866666666667,54.7766666666667,57.1966666666667,59.19,55.5233333333333,53.9766666666667,57.9933333333333,56.04,56.33,54.07,50.9933333333333,55.7966666666667,60.3433333333333,57.1966666666667,55.4233333333333,53.9766666666667,56.11,53.6,54.6133333333333,53.9766666666667,59.19,62.17,54.6133333333333,55.4233333333333,1985
"08-08 to 09-06",66.75,65.7866666666667,63.1866666666667,63.1866666666667,65.3666666666667,65.7866666666667,63.5833333333333,67.8133333333333,61.4833333333333,67.14,61.0133333333333,67.5,66.0133333333333,61.3533333333333,66.6033333333333,66.0866666666667,65.9133333333333,66.3233333333333,68.3966666666667,63.6833333333333,63.6833333333333,66.6033333333333,60.23,61.4833333333333,61.44,64.5333333333333,64.71,65.9133333333333,58.3466666666667,66.3233333333333,64.78,66.6033333333333,60.8,58.34,61.3533333333333,66.0633333333333,64.5333333333333,61.0133333333333,58.3466666666667,62.4633333333333,60.23,60.7233333333333,58.3466666666667,64.71,68.3966666666667,60.7233333333333,61.0133333333333,1986
"08-08 to 09-06",63.1133333333333,60.6766666666667,60.9766666666667,60.9766666666667,62.9066666666667,60.6766666666667,61.3733333333333,63.4333333333333,58.2966666666667,61.5533333333333,58.32,63.96,62.6,58.3333333333333,60.8633333333333,61.0633333333333,60.0466666666667,62.7566666666667,67.1166666666667,60.01,60.01,60.8633333333333,58.1033333333333,58.2966666666667,59.0666666666667,60.17,62.34,60.0466666666667,55.3733333333333,62.7566666666667,60.7966666666667,60.8633333333333,58.7266666666667,55.3333333333333,58.3333333333333,64.2133333333333,60.17,58.32,55.3733333333333,58.9233333333333,58.1033333333333,59.08,55.3733333333333,62.34,67.1166666666667,59.08,58.32,1987
"08-08 to 09-06",64.52,62.1466666666667,62.45,62.45,62.73,62.1466666666667,62.9333333333333,64.8,59.4633333333333,62.8966666666667,60.27,65.9166666666667,61.8333333333333,60.2833333333333,60.93,60.6666666666667,60.39,61.95,68.76,60.99,60.99,60.93,59.2633333333333,59.4633333333333,60.2733333333333,61.65,64.56,60.39,59.2533333333333,61.95,62.35,60.93,59.7266666666667,56.9166666666667,60.2833333333333,64.4866666666667,61.65,60.27,59.2533333333333,59.5566666666667,59.2633333333333,61.1333333333333,59.2533333333333,64.56,68.76,61.1333333333333,60.27,1988
"08-08 to 09-06",56.6766666666667,54.5466666666667,57.8866666666667,57.8866666666667,58.32,54.5466666666667,58.0833333333333,57.39,52.1433333333333,55.5033333333333,52.3933333333333,61.1,55.1966666666667,52.31,54.7033333333333,53.79,53.8066666666667,55.4733333333333,59.8033333333333,56.19,56.19,54.7033333333333,52.9133333333333,52.1433333333333,54.14,54.1066666666667,56.6466666666667,53.8066666666667,50.9,55.4733333333333,55.22,54.7033333333333,53.14,50.01,52.31,60.2766666666667,54.1066666666667,52.3933333333333,50.9,54.6766666666667,52.9133333333333,52.34,50.9,56.6466666666667,59.8033333333333,52.34,52.3933333333333,1989
"08-08 to 09-06",60.5066666666667,58.3633333333333,59.2666666666667,59.2666666666667,61.68,58.3633333333333,59.5,61.19,56.62,59.2833333333333,56.7666666666667,63.94,59.42,56.48,59.3,58.4966666666667,58.5533333333333,60.12,61.5233333333333,60.6466666666667,60.6466666666667,59.3,56.6266666666667,56.62,57.99,57.79,58.9233333333333,58.5533333333333,53.4,60.12,56.8333333333333,59.3,57.3,54.4266666666667,56.48,63.7933333333333,57.79,56.7666666666667,53.4,57.9366666666667,56.6266666666667,53.5233333333333,53.4,58.9233333333333,61.5233333333333,53.5233333333333,56.7666666666667,1990
"08-08 to 09-06",63.0566666666667,60.7466666666667,62.2333333333333,62.2333333333333,62.5033333333333,60.7466666666667,62.6133333333333,63.5333333333333,58.7866666666667,61.46,59.0566666666667,66.73,60.1933333333333,58.6233333333333,60.7766666666667,59.8433333333333,60.0166666666667,60.7,65.6866666666667,59.36,59.36,60.7766666666667,57.0066666666667,58.7866666666667,58.0333333333333,60.3,61.47,60.0166666666667,55.7066666666667,60.7,60.1566666666667,60.7766666666667,57.5933333333333,54.4866666666667,58.6233333333333,64.7,60.3,59.0566666666667,55.7066666666667,57.5366666666667,57.0066666666667,57.92,55.7066666666667,61.47,65.6866666666667,57.92,59.0566666666667,1991
"08-08 to 09-06",63.8333333333333,61.0233333333333,61.1166666666667,61.1166666666667,63.95,61.0233333333333,61.7633333333333,63.6833333333333,58.2633333333333,61.5566666666667,58.65,64.7,60.8966666666667,58.55,60.6933333333333,59.84,59.7066666666667,61.33,67.1766666666667,59.7366666666667,59.7366666666667,60.6933333333333,57.3366666666667,58.2633333333333,58.2333333333333,60.1733333333333,62.67,59.7066666666667,55.64,61.33,59.3966666666667,60.6933333333333,58.0366666666667,54.73,58.55,63.9466666666667,60.1733333333333,58.65,55.64,57.7733333333333,57.3366666666667,59.1866666666667,55.64,62.67,67.1766666666667,59.1866666666667,58.65,1992
"08-08 to 09-06",58.63,56.1233333333333,55.9633333333333,55.9633333333333,59.4366666666667,56.1233333333333,56.41,58.5633333333333,55.0466666666667,56.8466666666667,54.22,61.18,56.36,53.9033333333333,56.9633333333333,55.95,56,56.79,60.7933333333333,57.7933333333333,57.7933333333333,56.9633333333333,54.4333333333333,55.0466666666667,55.4733333333333,55.4133333333333,57.26,56,51.75,56.79,56.9333333333333,56.9633333333333,55.0166666666667,51.6366666666667,53.9033333333333,61.8333333333333,55.4133333333333,54.22,51.75,55.6333333333333,54.4333333333333,52.86,51.75,57.26,60.7933333333333,52.86,54.22,1993
"08-08 to 09-06",59.7066666666667,57.04,58.2266666666667,58.2266666666667,60.2966666666667,57.04,58.7533333333333,59.71,55.3,57.85,55.2433333333333,62.92,56.9766666666667,54.5133333333333,57.96,56.85,56.8366666666667,57.53,63.4466666666667,58.9533333333333,58.9533333333333,57.96,54.77,55.3,55.82,56.2933333333333,59.1266666666667,56.8366666666667,52.78,57.53,58.52,57.96,55.41,52.0833333333333,54.5133333333333,62.7533333333333,56.2933333333333,55.2433333333333,52.78,56.0366666666667,54.77,55.5033333333333,52.78,59.1266666666667,63.4466666666667,55.5033333333333,55.2433333333333,1994
"08-08 to 09-06",57.0033333333333,54.4533333333333,55.57,55.57,58.7966666666667,54.4533333333333,56.2233333333333,56.94,52.8966666666667,55.2433333333333,52.4033333333333,60.2233333333333,55.1333333333333,51.93,55.5033333333333,54.3966666666667,54.5866666666667,55.9433333333333,59.7266666666667,55.5133333333333,55.5133333333333,55.5033333333333,52.29,52.8966666666667,53.0766666666667,53.7466666666667,56.5733333333333,54.5866666666667,50.32,55.9433333333333,54.56,55.5033333333333,53.0866666666667,49.5633333333333,51.93,59.8366666666667,53.7466666666667,52.4033333333333,50.32,52.8633333333333,52.29,52.17,50.32,56.5733333333333,59.7266666666667,52.17,52.4033333333333,1995
"08-08 to 09-06",64.6133333333333,62.05,61.8733333333333,61.8733333333333,63.14,62.05,62.3833333333333,64.49,59.4566666666667,62.7166666666667,59.87,66.0233333333333,61.59,59.7733333333333,61.0133333333333,60.06,60.03,62.19,68.1,60.7366666666667,60.7366666666667,61.0133333333333,57.8733333333333,59.4566666666667,58.8866666666667,61.3733333333333,63.83,60.03,56.48,62.19,62.47,61.0133333333333,58.4366666666667,55.9066666666667,59.7733333333333,63.9933333333333,61.3733333333333,59.87,56.48,59.0866666666667,57.8733333333333,60.2,56.48,63.83,68.1,60.2,59.87,1996
"08-08 to 09-06",62.2933333333333,59.7133333333333,60.2233333333333,60.2233333333333,63.1533333333333,59.7133333333333,60.69,62.03,58.3233333333333,60.2066666666667,57.8966666666667,65.9866666666667,60.22,57.4566666666667,60.6366666666667,59.58,59.7,61.06,64.2933333333333,61.95,61.95,60.6366666666667,57.9966666666667,58.3233333333333,58.9566666666667,58.9233333333333,61.1166666666667,59.7,55.1433333333333,61.06,60.9433333333333,60.6366666666667,58.8333333333333,55.5266666666667,57.4566666666667,64.8766666666667,58.9233333333333,57.8966666666667,55.1433333333333,60.1833333333333,57.9966666666667,56.3,55.1433333333333,61.1166666666667,64.2933333333333,56.3,57.8966666666667,1997
"08-08 to 09-06",66.3,63.2633333333333,63.4533333333333,63.4533333333333,65.2666666666667,63.2633333333333,64.0433333333333,65.96,61.4733333333333,63.7433333333333,60.7266666666667,68.07,62.5866666666667,60.1066666666667,62.8933333333333,62.35,62.01,63.3533333333333,69.2166666666667,62.69,62.69,62.8933333333333,59.7433333333333,61.4733333333333,60.4366666666667,62.4633333333333,65.5533333333333,62.01,57.9266666666667,63.3533333333333,64.4266666666667,62.8933333333333,60.5166666666667,57.14,60.1066666666667,66.0266666666667,62.4633333333333,60.7266666666667,57.9266666666667,61.4966666666667,59.7433333333333,61.7133333333333,57.9266666666667,65.5533333333333,69.2166666666667,61.7133333333333,60.7266666666667,1998
"08-08 to 09-06",61.7433333333333,58.8666666666667,58.1933333333333,58.1933333333333,61.08,58.8666666666667,58.5533333333333,61.1533333333333,56.5633333333333,59.38,56.1533333333333,64.0933333333333,58.57,55.8433333333333,58.62,57.8866666666667,57.7966666666667,59.1666666666667,62.47,57.9866666666667,57.9866666666667,58.62,55.79,56.5633333333333,56.5666666666667,57.9366666666667,59.1566666666667,57.7966666666667,53.38,59.1666666666667,59.28,58.62,56.53,52.8566666666667,55.8433333333333,62.72,57.9366666666667,56.1533333333333,53.38,56.64,55.79,54.0633333333333,53.38,59.1566666666667,62.47,54.0633333333333,56.1533333333333,1999
"08-08 to 09-06",58.6266666666667,56.0666666666667,56.8333333333333,56.8333333333333,58.8166666666667,56.0666666666667,57.4033333333333,58.32,52.8666666666667,56.5433333333333,54.3666666666667,61.42,54.6733333333333,54.0833333333333,54.9366666666667,53.9633333333333,54.1366666666667,55.3466666666667,61.23,54.85,54.85,54.9366666666667,52.0666666666667,52.8666666666667,53.2833333333333,55.1766666666667,58.2,54.1366666666667,51.1,55.3466666666667,56.1766666666667,54.9366666666667,52.67,49.4933333333333,54.0833333333333,59.5066666666667,55.1766666666667,54.3666666666667,51.1,53.22,52.0666666666667,53.51,51.1,58.2,61.23,53.51,54.3666666666667,2000
"08-08 to 09-06",62.8866666666667,60.6066666666667,63.72,63.72,61.85,60.6066666666667,64.37,63.23,58.4466666666667,61.3166666666667,59.41,67.57,59.7933333333333,58.5233333333333,60.5866666666667,59.5666666666667,59.7233333333333,60.36,67.3066666666667,60.0633333333333,60.0633333333333,60.5866666666667,57.3933333333333,58.4466666666667,58.2433333333333,59.9933333333333,63.98,59.7233333333333,56.39,60.36,62.0466666666667,60.5866666666667,57.8066666666667,54.66,58.5233333333333,64.1033333333333,59.9933333333333,59.41,56.39,58.8866666666667,57.3933333333333,59.78,56.39,63.98,67.3066666666667,59.78,59.41,2001
"08-08 to 09-06",62.9533333333333,59.8666666666667,60.04,60.04,63.7333333333333,59.8666666666667,60.4466666666667,62.7866666666667,57.3433333333333,60.5266666666667,57.0766666666667,64.2066666666667,59.2933333333333,56.41,59.8266666666667,59.1033333333333,58.9533333333333,60.5633333333333,66.7633333333333,60.8333333333333,60.8333333333333,59.8266666666667,56.4766666666667,57.3433333333333,57.6933333333333,58.91,61.8733333333333,58.9533333333333,54.6333333333333,60.5633333333333,60.2033333333333,59.8266666666667,56.94,54.0466666666667,56.41,65.0166666666667,58.91,57.0766666666667,54.6333333333333,59.3233333333333,56.4766666666667,59.4,54.6333333333333,61.8733333333333,66.7633333333333,59.4,57.0766666666667,2002
"08-08 to 09-06",66.1233333333333,63.31,61.53,61.53,65.2366666666667,63.31,61.9266666666667,66.0833333333333,61.3666666666667,64.02,61.39,67.6966666666667,63.6466666666667,61.04,63.8666666666667,62.69,62.6033333333333,64.13,68.14,63.9366666666667,63.9366666666667,63.8666666666667,60.5066666666667,61.3666666666667,61.4333333333333,62.5233333333333,64.6266666666667,62.6033333333333,58.06,64.13,63.91,63.8666666666667,61.16,57.9033333333333,61.04,69.4866666666667,62.5233333333333,61.39,58.06,62.66,60.5066666666667,60.4733333333333,58.06,64.6266666666667,68.14,60.4733333333333,61.39,2003
"08-08 to 09-06",62.5966666666667,60.2966666666667,61.3233333333333,61.3233333333333,64.92,60.2966666666667,61.92,62.9333333333333,59.0266666666667,61.18,59.0566666666667,66.2466666666667,61.82,58.5666666666667,62.0066666666667,60.7033333333333,60.8366666666667,62.0833333333333,66.43,61.59,61.59,62.0066666666667,59.8433333333333,59.0266666666667,60.58,59.91,62.6666666666667,60.8366666666667,55.5633333333333,62.0833333333333,61.72,62.0066666666667,60.74,57.13,58.5666666666667,65.56,59.91,59.0566666666667,55.5633333333333,60.5833333333333,59.8433333333333,58.4566666666667,55.5633333333333,62.6666666666667,66.43,58.4566666666667,59.0566666666667,2004
"08-08 to 09-06",64.13,60.99,59.7566666666667,59.7566666666667,64.89,60.99,60.77,63.43,57.6933333333333,61.7266666666667,59.27,64.9366666666667,60.4,58.9666666666667,60.1466666666667,59.0366666666667,58.99,61.1433333333333,66.5266666666667,60.92,60.92,60.1466666666667,58.18,57.6933333333333,58.96,60.25,63.2566666666667,58.99,55.7733333333333,61.1433333333333,58.85,60.1466666666667,58.9466666666667,55.2266666666667,58.9666666666667,66.77,60.25,59.27,55.7733333333333,59.5633333333333,58.18,59.05,55.7733333333333,63.2566666666667,66.5266666666667,59.05,59.27,2005
"08-08 to 09-06",64.96,61.5666666666667,58.0633333333333,58.0633333333333,64.41,61.5666666666667,59.0666666666667,64.1733333333333,59.3766666666667,62.25,59.1966666666667,65.4666666666667,62.2833333333333,58.43,61.7833333333333,60.5966666666667,60.5433333333333,62.7166666666667,66.1866666666667,61.3366666666667,61.3366666666667,61.7833333333333,59.46,59.3766666666667,60.2866666666667,60.7766666666667,62.69,60.5433333333333,56.0733333333333,62.7166666666667,62.1366666666667,61.7833333333333,60.1733333333333,56.67,58.43,67.05,60.7766666666667,59.1966666666667,56.0733333333333,60.3133333333333,59.46,58.17,56.0733333333333,62.69,66.1866666666667,58.17,59.1966666666667,2006
"08-08 to 09-06",61.4366666666667,58.54,58.2333333333333,58.2333333333333,62.1366666666667,58.54,59.0633333333333,60.8533333333333,56.14,59.37,56.8433333333333,64.3366666666667,57.8666666666667,56.16,58.3533333333333,57.12,57.0633333333333,58.43,64.0666666666667,56.2133333333333,56.2133333333333,58.3533333333333,54.7366666666667,56.14,56.22,57.6933333333333,60.9733333333333,57.0633333333333,54.1866666666667,58.43,59.0166666666667,58.3533333333333,55.33,52.1833333333333,56.16,63.3366666666667,57.6933333333333,56.8433333333333,54.1866666666667,54.82,54.7366666666667,56.7433333333333,54.1866666666667,60.9733333333333,64.0666666666667,56.7433333333333,56.8433333333333,2007
"08-08 to 09-06",60.25,57.8133333333333,58.3933333333333,58.3933333333333,62.36,57.8133333333333,59.12,60.4733333333333,56.29,58.6466666666667,56.52,64.2466666666667,58.4733333333333,55.84,58.7333333333333,57.6333333333333,57.4133333333333,59.2666666666667,64.67,56.73,56.73,58.7333333333333,55.06,56.29,56.12,57.4366666666667,61.2566666666667,57.4133333333333,54.4333333333333,59.2666666666667,59.39,58.7333333333333,55.4733333333333,52.51,55.84,62.01,57.4366666666667,56.52,54.4333333333333,55.5066666666667,55.06,57.1466666666667,54.4333333333333,61.2566666666667,64.67,57.1466666666667,56.52,2008
"08-08 to 09-06",61.0433333333333,58.4333333333333,57.7333333333333,57.7333333333333,62.3966666666667,58.4333333333333,58.36,61.27,57.5166666666667,59.32,57.4166666666667,65.1566666666667,59.4266666666667,56.4666666666667,60.0366666666667,58.8,58.35,60.0766666666667,65.0566666666667,58.3066666666667,58.3066666666667,60.0366666666667,56.0766666666667,57.5166666666667,57.31,58.04,61.48,58.35,54.3066666666667,60.0766666666667,60.0666666666667,60.0366666666667,56.6033333333333,53.46,56.4666666666667,62.5233333333333,58.04,57.4166666666667,54.3066666666667,56.93,56.0766666666667,57.4966666666667,54.3066666666667,61.48,65.0566666666667,57.4966666666667,57.4166666666667,2009
"08-08 to 09-06",60.3,57.47,56.86,56.86,61.82,57.47,57.6,60.2166666666667,56.26,58.3633333333333,55.9433333333333,62.6666666666667,57.81,55.3733333333333,57.38,56.5366666666667,56.63,58.2466666666667,63.7833333333333,57.48,57.48,57.38,54.6166666666667,56.26,56.0633333333333,56.9266666666667,60.07,56.63,53.1033333333333,58.2466666666667,58.51,57.38,55.1533333333333,52.2866666666667,55.3733333333333,60.44,56.9266666666667,55.9433333333333,53.1033333333333,55.9633333333333,54.6166666666667,55.8433333333333,53.1033333333333,60.07,63.7833333333333,55.8433333333333,55.9433333333333,2010
"08-08 to 09-06",62.7133333333333,59.7433333333333,59.36,59.36,64.19,59.7433333333333,59.8733333333333,62.89,58.43,60.69,56.87,65.7733333333333,60.4633333333333,56.36,60.63,59.63,59.4933333333333,60.9366666666667,66.7166666666667,58.5866666666667,58.5866666666667,60.63,56.8,58.43,58.22,59.25,62.79,59.4933333333333,55.6766666666667,60.9366666666667,60.2066666666667,60.63,57.35,54.7433333333333,56.36,65.27,59.25,56.87,55.6766666666667,57.1633333333333,56.8,58.5366666666667,55.6766666666667,62.79,66.7166666666667,58.5366666666667,56.87,2011
"08-08 to 09-06",63.6766666666667,61.5966666666667,60.9833333333333,60.9833333333333,64.42,61.5966666666667,61.8366666666667,64.73,59.6533333333333,62.8766666666667,59.8833333333333,66.6566666666667,61.4933333333333,59.2233333333333,60.8466666666667,59.4666666666667,59.4966666666667,61.9933333333333,69.0133333333333,60.0766666666667,60.0766666666667,60.8466666666667,58.1166666666667,59.6533333333333,59.2366666666667,61.0766666666667,64.5233333333333,59.4966666666667,56.6866666666667,61.9933333333333,61.5666666666667,60.8466666666667,58.67,55.8666666666667,59.2233333333333,66.7166666666667,61.0766666666667,59.8833333333333,56.6866666666667,58.9933333333333,58.1166666666667,61.3533333333333,56.6866666666667,64.5233333333333,69.0133333333333,61.3533333333333,59.8833333333333,2012
"08-08 to 09-06",62.73,60.5133333333333,59.38,59.38,62.78,60.5133333333333,60.02,63.3466666666667,59.3533333333333,61.4933333333333,59.1933333333333,67.3966666666667,61.82,58.3533333333333,62.04,60.2966666666667,60.79,62.6133333333333,65.1633333333333,61.1,61.1,62.04,58.92,59.3533333333333,60.2766666666667,60,61.81,60.79,55.62,62.6133333333333,61.6666666666667,62.04,59.3933333333333,56.69,58.3533333333333,68.0733333333333,60,59.1933333333333,55.62,59.81,58.92,56.9933333333333,55.62,61.81,65.1633333333333,56.9933333333333,59.1933333333333,2013
"08-08 to 09-06",62.7766666666667,60.1633333333333,58.4,58.4,65.8366666666667,60.1633333333333,59.0133333333333,63.0666666666667,58.4433333333333,61.0166666666667,58.2333333333333,64.4633333333333,60.5833333333333,57.6233333333333,60.14,58.6833333333333,58.9333333333333,61.46,66.17,60.0766666666667,60.0766666666667,60.14,57.2566666666667,58.4433333333333,58.7,59.5933333333333,62.3066666666667,58.9333333333333,54.8433333333333,61.46,58.4666666666667,60.14,57.8066666666667,55.1133333333333,57.6233333333333,65.0533333333333,59.5933333333333,58.2333333333333,54.8433333333333,58.8,57.2566666666667,57.9633333333333,54.8433333333333,62.3066666666667,66.17,57.9633333333333,58.2333333333333,2014
"09-07 to NA",57.096,54.964,52.644,52.644,57.948,54.964,52.952,57.004,52.108,55.556,51.856,57.64,54.716,51.556,53.196,53.008,52.384,55.304,60.72,53.652,53.652,53.196,51.556,52.108,52.66,54.084,56.492,52.384,50.764,55.304,53.456,53.196,52.06,49.292,51.556,57.844,54.084,51.856,50.764,52.272,51.556,53.176,50.764,56.492,60.72,53.176,51.856,1981
"09-07 to NA",51.696,48.716,47.728,47.728,55.296,48.716,47.908,51.144,48.536,49.276,46.3,52.604,53.008,45.272,52.064,51.984,51.36,53.904,53.64,52.792,52.792,52.064,48.788,48.536,50.148,48.052,50.324,51.36,44.072,53.904,49.368,52.064,49.156,46.256,45.272,55.812,48.052,46.3,44.072,51.768,48.788,45.604,44.072,50.324,53.64,45.604,46.3,1982
"09-07 to NA",53.424,50.656,49.988,49.988,54.844,50.656,50.444,53.024,48.788,51.272,48.432,53.404,50.108,47.752,48.94,48.948,48.636,50.904,57.324,49.168,49.168,48.94,45.8,48.788,47.144,49.98,53.628,48.636,47.564,50.904,49.868,48.94,46.044,43.688,47.752,53.552,49.98,48.432,47.564,47.984,45.8,51.38,47.564,53.628,57.324,51.38,48.432,1983
"09-07 to NA",54.124,51.336,50.32,50.32,55.752,51.336,50.648,53.776,48.404,51.852,48.256,53.34,50.74,48.296,49.628,49.256,49.088,51.34,57.468,50.252,50.252,49.628,45.944,48.404,48.084,50.724,52.62,49.088,46.944,51.34,49.692,49.628,46.3,43.956,48.296,54.172,50.724,48.256,46.944,49.22,45.944,50.716,46.944,52.62,57.468,50.716,48.256,1984
"09-07 to NA",50.668,48.816,46.664,46.664,53.372,48.816,46.988,51.336,45.192,49.708,44.78,50.424,49.432,45.18,47.608,46.864,46.96,49.6,53.68,49.42,49.42,47.608,45.364,45.192,46.244,47.892,50.788,46.96,45.044,49.6,46.676,47.608,45.752,42.92,45.18,52.692,47.892,44.78,45.044,47.816,45.364,45.664,45.044,50.788,53.68,45.664,44.78,1985
"09-07 to NA",46.792,44.78,44.748,44.748,50.144,44.78,44.928,47.788,42.284,45.744,42.76,49.452,47.156,42.488,47.948,47.984,47.884,47.284,48.64,48.392,48.392,47.948,43.236,42.284,44.68,43.912,45.852,47.884,38.784,47.284,44.656,47.948,43.64,40.28,42.488,51.4,43.912,42.76,38.784,47.436,43.236,39.78,38.784,45.852,48.64,39.78,42.76,1986
"09-07 to NA",60.34,58.184,57.196,57.196,59.108,58.184,57.48,60.648,55.328,59.132,55.072,60.388,60.044,55.36,59.788,59.876,59.44,60.848,62.54,56.952,56.952,59.788,56.924,55.328,57.46,57.48,58.668,59.44,52.54,60.848,57.668,59.788,57.712,54.216,55.36,59.784,57.48,55.072,52.54,55.96,56.924,55.192,52.54,58.668,62.54,55.192,55.072,1987
"09-07 to NA",54.664,52.404,51.708,51.708,56.228,52.404,52.012,54.476,48.292,52.936,49.308,54.956,52.024,49.524,50.848,50.364,50.372,52.56,57.844,50.588,50.588,50.848,48.712,48.292,49.988,51.592,53.748,50.372,48.036,52.56,51.48,50.848,49.052,46.476,49.524,55.176,51.592,49.308,48.036,49.72,48.712,50.664,48.036,53.748,57.844,50.664,49.308,1988
"09-07 to NA",59.472,56.968,53.56,53.56,61.14,56.968,53.864,59.772,55.544,57.928,52.764,58.232,60.356,53.136,57.416,57.5,56.32,61.136,59.852,57.388,57.388,57.416,55.428,55.544,56.556,55.98,55.14,56.32,49.528,61.136,56.912,57.416,55.928,53.364,53.136,60.076,55.98,52.764,49.528,55.676,55.428,51.704,49.528,55.14,59.852,51.704,52.764,1989
"09-07 to NA",60.168,58.292,56.8,56.8,60.5,58.292,56.816,61.152,56.684,59.264,56.388,62.2,59.692,56.124,58.752,58.372,58.332,60.528,61.756,58.444,58.444,58.752,56.704,56.684,58.12,57.788,58.404,58.332,52.672,60.528,56.872,58.752,57.148,55.308,56.124,62,57.788,56.388,52.672,56.396,56.704,54.04,52.672,58.404,61.756,54.04,56.388,1990
"09-07 to NA",62.116,59.372,57.368,57.368,61.952,59.372,57.512,62.208,56.832,60.16,56.16,60.696,58.644,56.02,58.308,57.664,57.592,59.392,65.488,56.608,56.608,58.308,55.076,56.832,55.804,58.592,59.932,57.592,53.124,59.392,57.88,58.308,55.464,53.016,56.02,60.608,58.592,56.16,53.124,54.992,55.076,57.716,53.124,59.932,65.488,57.716,56.16,1991
"09-07 to NA",56.588,54.204,53.036,53.036,56.816,54.204,53.368,56.28,50.216,54.736,51.144,57.432,52.204,51.096,51.196,50.584,50.532,52.836,60.66,49.652,49.652,51.196,48.148,50.216,48.812,53.332,56.128,50.532,50.12,52.836,50.596,51.196,48.608,45.644,51.096,54.836,53.332,51.144,50.12,48.26,48.148,53.524,50.12,56.128,60.66,53.524,51.144,1992
"09-07 to NA",59.932,56.968,52.844,52.844,60.1,56.968,53.024,59.756,54.46,57.784,53.112,57.632,57.42,53.036,56.308,55.396,55.192,58.276,61.628,55.036,55.036,56.308,53.168,54.46,54.04,55.924,56.78,55.192,49.908,58.276,57.084,56.308,53.836,50.788,53.036,59.24,55.924,53.112,49.908,52.336,53.168,53.612,49.908,56.78,61.628,53.612,53.112,1993
"09-07 to NA",61.004,58.592,56.624,56.624,61.54,58.592,56.828,60.996,58.076,59.264,55.596,62.208,59.904,55.34,60.016,59.192,58.988,60.464,64.392,58.636,58.636,60.016,56.256,58.076,57.184,57.876,59.176,58.988,52.272,60.464,60.732,60.016,56.892,54.26,55.34,62.7,57.876,55.596,52.272,56.512,56.256,55.452,52.272,59.176,64.392,55.452,55.596,1994
"09-07 to NA",59.016,56.504,55.328,55.328,60.524,56.504,55.684,59.16,54.548,57.352,53.592,59.564,57.656,53.412,56.964,56.188,56.104,58.512,62.58,59.648,59.648,56.964,54.364,54.548,55.26,55.76,58.46,56.104,51.232,58.512,56.452,56.964,54.972,52.388,53.412,60.896,55.76,53.592,51.232,57.9,54.364,54.276,51.232,58.46,62.58,54.276,53.592,1995
"09-07 to NA",55.032,52.4,50.96,50.96,56.456,52.4,51.268,54.984,50.516,53.196,49.416,56.1,52.504,49.324,52.112,51.26,51.28,53.332,58.728,51.184,51.184,52.112,48.72,50.516,49.58,51.608,53.76,51.28,46.612,53.332,52.852,52.112,49.072,46.244,49.324,56.124,51.608,49.416,46.612,49.7,48.72,50.364,46.612,53.76,58.728,50.364,49.416,1996
"09-07 to NA",57.368,54.684,52.344,52.344,58.608,54.684,52.608,56.72,52.992,55.052,51.468,57.884,55.268,51.42,54.428,54.008,53.96,56.088,58.052,56.32,56.32,54.428,52.412,52.992,53.768,53.728,54.356,53.96,48.528,56.088,54.8,54.428,52.844,50.756,51.42,58.612,53.728,51.468,48.528,54.78,52.412,50.644,48.528,54.356,58.052,50.644,51.468,1997
"09-07 to NA",58.664,55.992,54.128,54.128,59.408,55.992,54.328,58.504,54.988,56.444,53.052,59.804,56.74,52.804,56.868,56.396,55.968,57.548,59.704,57.764,57.764,56.868,54.764,54.988,55.716,55.184,56.456,55.968,50.108,57.548,57.488,56.868,55.644,52.328,52.804,60.54,55.184,53.052,50.108,56.788,54.764,51.964,50.108,56.456,59.704,51.964,53.052,1998
"09-07 to NA",60.272,57.064,55.028,55.028,60.26,57.064,55.568,59.844,53.92,57.504,53.056,57.86,56.588,53.032,55.748,55.328,55.108,57.136,64.744,55.824,55.824,55.748,52.956,53.92,53.504,56.104,60.088,55.108,51.412,57.136,53.488,55.748,53.552,50.504,53.032,59.088,56.104,53.056,51.412,54.624,52.956,57.52,51.412,60.088,64.744,57.52,53.056,1999
"09-07 to NA",58.512,56.08,54.392,54.392,60.232,56.08,54.6,58.552,53.132,56.688,53.612,59.472,55.164,53.3,54.252,53.444,53.572,56.048,61.328,54.04,54.04,54.252,51.164,53.132,51.992,55.344,57.768,53.572,50.648,56.048,54.728,54.252,51.496,49.048,53.3,58.532,55.344,53.612,50.648,52.744,51.164,53.76,50.648,57.768,61.328,53.76,53.612,2000
"09-07 to NA",60.272,57.884,55,55,60.684,57.884,55.328,60.588,56.524,58.636,54.836,61.328,57.812,54.76,57.864,57.084,57.088,58.364,63.18,56.036,56.036,57.864,54.412,56.524,55.336,57.152,58.612,57.088,51.596,58.364,59.04,57.864,54.832,52.196,54.76,60.668,57.152,54.836,51.596,55.208,54.412,54.972,51.596,58.612,63.18,54.972,54.836,2001
"09-07 to NA",58.876,56.112,53.724,53.724,59.644,56.112,54.268,58.832,53.728,56.74,52.056,57.876,55.408,52.264,55.292,54.888,54.568,57.18,61.752,54.236,54.236,55.292,52.132,53.728,52.824,55.12,57.108,54.568,49.788,57.18,53.676,55.292,52.892,49.452,52.264,60.5,55.12,52.056,49.788,52.604,52.132,54.14,49.788,57.108,61.752,54.14,52.056,2002
"09-07 to NA",57.476,55.5,54.956,54.956,59.788,55.5,55.144,57.868,53.008,56.044,53.768,59.7,55.62,53.74,55.364,54.468,54.276,56.344,62.5,54.824,54.824,55.364,52.452,53.008,53.316,54.908,57.768,54.276,50.136,56.344,55.576,55.364,52.88,49.88,53.74,60.384,54.908,53.768,50.136,54.02,52.452,55.324,50.136,57.768,62.5,55.324,53.768,2003
"09-07 to NA",53.312,51.276,50.52,50.52,56.444,51.276,51.2,53.756,50.12,52.02,50.192,56.376,52.884,49.74,52.52,51.504,51.544,53.588,57.5,51.348,51.348,52.52,49.66,50.12,50.304,50.952,53.936,51.544,46.684,53.588,52.396,52.52,50.324,47,49.74,56.44,50.952,50.192,46.684,50.504,49.66,49.932,46.684,53.936,57.5,49.932,50.192,2004
"09-07 to NA",55.308,52.168,50.188,50.188,57.98,52.168,50.756,54.464,49.032,52.776,49.716,55.736,52.212,49.288,51.192,50.248,50.204,53.064,56.356,51.028,51.028,51.192,48.916,49.032,49.792,51.26,53.032,50.204,46.412,53.064,50.008,51.192,49.652,46.22,49.288,56.448,51.26,49.716,46.412,50.164,48.916,48.872,46.412,53.032,56.356,48.872,49.716,2005
"09-07 to NA",57.588,54.42,51.708,51.708,59.732,54.42,52.376,56.588,52.628,55.028,51.592,57.764,55.476,51.172,54.196,53.324,53.108,56.228,59.004,54.424,54.424,54.196,51.924,52.628,53.064,53.52,55.38,53.108,48.452,56.228,55.1,54.196,52.608,49.616,51.172,59.304,53.52,51.592,48.452,53.3,51.924,51.392,48.452,55.38,59.004,51.392,51.592,2006
"09-07 to NA",53.744,51.376,48.88,48.88,56.472,51.376,49.48,53.468,49.216,51.968,49.672,55.648,51.84,49.512,51.476,50.532,50.26,52.34,56.12,50.916,50.916,51.476,48.572,49.216,50.06,50.74,53.104,50.26,46.508,52.34,51.96,51.476,48.996,46.36,49.512,54.396,50.74,49.672,46.508,49.5,48.572,48.64,46.508,53.104,56.12,48.64,49.672,2007
"09-07 to NA",60.24,57.328,54.752,54.752,61.56,57.328,55.236,60.284,55.784,58.02,53.736,59.584,58.388,53.44,56.976,56.216,55.684,59.54,65.372,56.504,56.504,56.976,54.784,55.784,55.508,56.812,60.404,55.684,52.504,59.54,57.62,56.976,54.908,52.988,53.44,60.32,56.812,53.736,52.504,55.268,54.784,57.008,52.504,60.404,65.372,57.008,53.736,2008
"09-07 to NA",58.512,56.12,55.036,55.036,60.468,56.12,55.604,58.936,54.512,56.984,54.548,60.084,57.216,54.048,56.008,55.12,54.468,58.208,63.376,55.432,55.432,56.008,53.34,54.512,54.352,55.88,59.564,54.468,52.604,58.208,56.392,56.008,53.644,51.12,54.048,58.22,55.88,54.548,52.604,54.44,53.34,55.828,52.604,59.564,63.376,55.828,54.548,2009
"09-07 to NA",55.74,53.556,52.416,52.416,57.968,53.556,52.864,56.104,51.94,54.332,51.652,58.828,53.792,51.28,53.264,52.336,52.44,54.436,59.412,52.376,52.376,53.264,50.172,51.94,51.296,52.984,55.396,52.44,49.076,54.436,53.624,53.264,50.616,47.9,51.28,57.004,52.984,51.652,49.076,51.124,50.172,51.848,49.076,55.396,59.412,51.848,51.652,2010
"09-07 to NA",62.14,59.628,56.984,56.984,63.092,59.628,57.24,62.192,58.112,60.496,58.008,63.852,60.28,57.324,58.9,58.156,57.916,61.06,65.644,57.416,57.416,58.9,56.412,58.112,57.212,59.108,61.456,57.916,54.436,61.06,60.332,58.9,56.768,54.196,57.324,62.688,59.108,58.008,54.436,56.42,56.412,57.608,54.436,61.456,65.644,57.608,58.008,2011
"09-07 to NA",61.62,59.944,56.652,56.652,61.948,59.944,57.164,63.536,57.252,61.556,57.152,60.78,59.472,57.588,57.252,56.32,56.28,59.768,66.372,58.608,58.608,57.252,56.196,57.252,56.94,59.504,61.76,56.28,54.172,59.768,58.696,57.252,56.536,54.044,57.588,61.712,59.504,57.152,54.172,57.1,56.196,58.012,54.172,61.76,66.372,58.012,57.152,2012
"09-07 to NA",54.408,52.364,51.604,51.604,56.964,52.364,52.056,54.932,51.368,53.104,50.4,57.588,54.164,50.016,53.944,52.444,53.016,55.068,56.64,54.144,54.144,53.944,51.236,51.368,52.576,51.816,53.948,53.016,48.144,55.068,53.24,53.944,51.644,49.028,50.016,59.112,51.816,50.4,48.144,53.304,51.236,48.948,48.144,53.948,56.64,48.948,50.4,2013
"09-07 to NA",60.568,58.36,55.52,55.52,62.408,58.36,55.96,61.084,55.86,59.212,55.852,60.232,57.612,55.568,56.848,55.524,55.704,58.032,63.344,57.308,57.308,56.848,54.54,55.86,55.86,57.748,59.712,55.704,52.9,58.032,55.632,56.848,54.872,52.544,55.568,60.824,57.748,55.852,52.9,56.064,54.54,54.904,52.9,59.712,63.344,54.904,55.852,2014
